model,host_rate,internal_rate,cutoff_hz,resonance,frequency_hz,gain_db,finite,build_type,environment
legacy,44100,176400,80,0,40,-0.0954624,finite,Debug,Linux-6.18.44-x86_64-with-glibc2.41
experimental,44100,176400,80,0,40,-0.0963243,finite,Debug,Linux-6.18.44-x86_64-with-glibc2.41
legacy,44100,176400,80,0,80,-2.99006,finite,Debug,Linux-6.18.44-x86_64-with-glibc2.41
experimental,44100,176400,80,0,80,-2.99093,finite,Debug,Linux-6.18.44-x86_64-with-glibc2.41
legacy,44100,176400,80,0,160,-24.0286,finite,Debug,Linux-6.18.44-x86_64-with-glibc2.41
experimental,44100,176400,80,0,160,-24.0295,finite,Debug,Linux-6.18.44-x86_64-with-glibc2.41
legacy,44100,176400,80,0.4,40,2.99223,finite,Debug,Linux-6.18.44-x86_64-with-glibc2.41
experimental,44100,176400,80,0.4,40,-4.3336,finite,Debug,Linux-6.18.44-x86_64-with-glibc2.41
legacy,44100,176400,80,0.4,80,3.85835,finite,Debug,Linux-6.18.44-x86_64-with-glibc2.41
experimental,44100,176400,80,0.4,80,12.9426,finite,Debug,Linux-6.18.44-x86_64-with-glibc2.41
legacy,44100,176400,80,0.4,160,-21.2181,finite,Debug,Linux-6.18.44-x86_64-with-glibc2.41
experimental,44100,176400,80,0.4,160,-24.0914,finite,Debug,Linux-6.18.44-x86_64-with-glibc2.41
legacy,44100,176400,80,0.8,40,3.72761,finite,Debug,Linux-6.18.44-x86_64-with-glibc2.41
experimental,44100,176400,80,0.8,40,5.55814,finite,Debug,Linux-6.18.44-x86_64-with-glibc2.41
legacy,44100,176400,80,0.8,80,7.63927,finite,Debug,Linux-6.18.44-x86_64-with-glibc2.41
experimental,44100,176400,80,0.8,80,31.5721,finite,Debug,Linux-6.18.44-x86_64-with-glibc2.41
legacy,44100,176400,80,0.8,160,-20.5863,finite,Debug,Linux-6.18.44-x86_64-with-glibc2.41
experimental,44100,176400,80,0.8,160,4.18185,finite,Debug,Linux-6.18.44-x86_64-with-glibc2.41
legacy,44100,176400,80,1,40,3.89054,finite,Debug,Linux-6.18.44-x86_64-with-glibc2.41
experimental,44100,176400,80,1,40,8.81339,finite,Debug,Linux-6.18.44-x86_64-with-glibc2.41
legacy,44100,176400,80,1,80,9.05063,finite,Debug,Linux-6.18.44-x86_64-with-glibc2.41
experimental,44100,176400,80,1,80,32.2654,finite,Debug,Linux-6.18.44-x86_64-with-glibc2.41
legacy,44100,176400,80,1,160,-20.4501,finite,Debug,Linux-6.18.44-x86_64-with-glibc2.41
experimental,44100,176400,80,1,160,6.60194,finite,Debug,Linux-6.18.44-x86_64-with-glibc2.41
legacy,44100,176400,1000,0,500,-0.0251051,finite,Debug,Linux-6.18.44-x86_64-with-glibc2.41
experimental,44100,176400,1000,0,500,-0.0259669,finite,Debug,Linux-6.18.44-x86_64-with-glibc2.41
legacy,44100,176400,1000,0,1000,-3.01711,finite,Debug,Linux-6.18.44-x86_64-with-glibc2.41
experimental,44100,176400,1000,0,1000,-3.01797,finite,Debug,Linux-6.18.44-x86_64-with-glibc2.41
legacy,44100,176400,1000,0,2000,-24.1126,finite,Debug,Linux-6.18.44-x86_64-with-glibc2.41
experimental,44100,176400,1000,0,2000,-24.1134,finite,Debug,Linux-6.18.44-x86_64-with-glibc2.41
legacy,44100,176400,1000,0.4,500,2.79686,finite,Debug,Linux-6.18.44-x86_64-with-glibc2.41
experimental,44100,176400,1000,0.4,500,-4.63727,finite,Debug,Linux-6.18.44-x86_64-with-glibc2.41
legacy,44100,176400,1000,0.4,1000,3.83131,finite,Debug,Linux-6.18.44-x86_64-with-glibc2.41
experimental,44100,176400,1000,0.4,1000,12.9371,finite,Debug,Linux-6.18.44-x86_64-with-glibc2.41
legacy,44100,176400,1000,0.4,2000,-21.2933,finite,Debug,Linux-6.18.44-x86_64-with-glibc2.41
experimental,44100,176400,1000,0.4,2000,-24.3145,finite,Debug,Linux-6.18.44-x86_64-with-glibc2.41
legacy,44100,176400,1000,0.8,500,3.44604,finite,Debug,Linux-6.18.44-x86_64-with-glibc2.41
experimental,44100,176400,1000,0.8,500,-6.90962,finite,Debug,Linux-6.18.44-x86_64-with-glibc2.41
legacy,44100,176400,1000,0.8,1000,7.61222,finite,Debug,Linux-6.18.44-x86_64-with-glibc2.41
experimental,44100,176400,1000,0.8,1000,16.1534,finite,Debug,Linux-6.18.44-x86_64-with-glibc2.41
legacy,44100,176400,1000,0.8,2000,-20.6459,finite,Debug,Linux-6.18.44-x86_64-with-glibc2.41
experimental,44100,176400,1000,0.8,2000,-17.4237,finite,Debug,Linux-6.18.44-x86_64-with-glibc2.41
legacy,44100,176400,1000,1,500,3.58852,finite,Debug,Linux-6.18.44-x86_64-with-glibc2.41
experimental,44100,176400,1000,1,500,-6.55195,finite,Debug,Linux-6.18.44-x86_64-with-glibc2.41
legacy,44100,176400,1000,1,1000,9.02357,finite,Debug,Linux-6.18.44-x86_64-with-glibc2.41
experimental,44100,176400,1000,1,1000,14.2085,finite,Debug,Linux-6.18.44-x86_64-with-glibc2.41
legacy,44100,176400,1000,1,2000,-20.504,finite,Debug,Linux-6.18.44-x86_64-with-glibc2.41
experimental,44100,176400,1000,1,2000,-17.5539,finite,Debug,Linux-6.18.44-x86_64-with-glibc2.41
legacy,44100,176400,10000,0,5000,-0.0157716,finite,Debug,Linux-6.18.44-x86_64-with-glibc2.41
experimental,44100,176400,10000,0,5000,-0.0166355,finite,Debug,Linux-6.18.44-x86_64-with-glibc2.41
legacy,44100,176400,10000,0,10000,-3.01106,finite,Debug,Linux-6.18.44-x86_64-with-glibc2.41
experimental,44100,176400,10000,0,10000,-3.01193,finite,Debug,Linux-6.18.44-x86_64-with-glibc2.41
legacy,44100,176400,10000,0,20000,-25.2394,finite,Debug,Linux-6.18.44-x86_64-with-glibc2.41
experimental,44100,176400,10000,0,20000,-25.2403,finite,Debug,Linux-6.18.44-x86_64-with-glibc2.41
legacy,44100,176400,10000,0.4,5000,2.76625,finite,Debug,Linux-6.18.44-x86_64-with-glibc2.41
experimental,44100,176400,10000,0.4,5000,-4.06567,finite,Debug,Linux-6.18.44-x86_64-with-glibc2.41
legacy,44100,176400,10000,0.4,10000,3.83735,finite,Debug,Linux-6.18.44-x86_64-with-glibc2.41
experimental,44100,176400,10000,0.4,10000,5.85855,finite,Debug,Linux-6.18.44-x86_64-with-glibc2.41
legacy,44100,176400,10000,0.4,20000,-22.5832,finite,Debug,Linux-6.18.44-x86_64-with-glibc2.41
experimental,44100,176400,10000,0.4,20000,-25.7037,finite,Debug,Linux-6.18.44-x86_64-with-glibc2.41
legacy,44100,176400,10000,0.8,5000,3.4005,finite,Debug,Linux-6.18.44-x86_64-with-glibc2.41
experimental,44100,176400,10000,0.8,5000,-13.7882,finite,Debug,Linux-6.18.44-x86_64-with-glibc2.41
legacy,44100,176400,10000,0.8,10000,7.61826,finite,Debug,Linux-6.18.44-x86_64-with-glibc2.41
experimental,44100,176400,10000,0.8,10000,-5.91909,finite,Debug,Linux-6.18.44-x86_64-with-glibc2.41
legacy,44100,176400,10000,0.8,20000,-21.99,finite,Debug,Linux-6.18.44-x86_64-with-glibc2.41
experimental,44100,176400,10000,0.8,20000,-33.8925,finite,Debug,Linux-6.18.44-x86_64-with-glibc2.41
legacy,44100,176400,10000,1,5000,3.53915,finite,Debug,Linux-6.18.44-x86_64-with-glibc2.41
experimental,44100,176400,10000,1,5000,-16.038,finite,Debug,Linux-6.18.44-x86_64-with-glibc2.41
legacy,44100,176400,10000,1,10000,9.02962,finite,Debug,Linux-6.18.44-x86_64-with-glibc2.41
experimental,44100,176400,10000,1,10000,-8.19288,finite,Debug,Linux-6.18.44-x86_64-with-glibc2.41
legacy,44100,176400,10000,1,20000,-21.8611,finite,Debug,Linux-6.18.44-x86_64-with-glibc2.41
experimental,44100,176400,10000,1,20000,-34.9773,finite,Debug,Linux-6.18.44-x86_64-with-glibc2.41
legacy,48000,192000,80,0,40,-0.0881154,finite,Debug,Linux-6.18.44-x86_64-with-glibc2.41
experimental,48000,192000,80,0,40,-0.0889697,finite,Debug,Linux-6.18.44-x86_64-with-glibc2.41
legacy,48000,192000,80,0,80,-3.19009,finite,Debug,Linux-6.18.44-x86_64-with-glibc2.41
experimental,48000,192000,80,0,80,-3.19097,finite,Debug,Linux-6.18.44-x86_64-with-glibc2.41
legacy,48000,192000,80,0,160,-24.1643,finite,Debug,Linux-6.18.44-x86_64-with-glibc2.41
experimental,48000,192000,80,0,160,-24.1652,finite,Debug,Linux-6.18.44-x86_64-with-glibc2.41
legacy,48000,192000,80,0.4,40,2.61849,finite,Debug,Linux-6.18.44-x86_64-with-glibc2.41
experimental,48000,192000,80,0.4,40,-4.83787,finite,Debug,Linux-6.18.44-x86_64-with-glibc2.41
legacy,48000,192000,80,0.4,80,3.65833,finite,Debug,Linux-6.18.44-x86_64-with-glibc2.41
experimental,48000,192000,80,0.4,80,12.5755,finite,Debug,Linux-6.18.44-x86_64-with-glibc2.41
legacy,48000,192000,80,0.4,160,-21.2852,finite,Debug,Linux-6.18.44-x86_64-with-glibc2.41
experimental,48000,192000,80,0.4,160,-24.3864,finite,Debug,Linux-6.18.44-x86_64-with-glibc2.41
legacy,48000,192000,80,0.8,40,3.24643,finite,Debug,Linux-6.18.44-x86_64-with-glibc2.41
experimental,48000,192000,80,0.8,40,8.51262,finite,Debug,Linux-6.18.44-x86_64-with-glibc2.41
legacy,48000,192000,80,0.8,80,7.43923,finite,Debug,Linux-6.18.44-x86_64-with-glibc2.41
experimental,48000,192000,80,0.8,80,31.7428,finite,Debug,Linux-6.18.44-x86_64-with-glibc2.41
legacy,48000,192000,80,0.8,160,-20.6095,finite,Debug,Linux-6.18.44-x86_64-with-glibc2.41
experimental,48000,192000,80,0.8,160,-6.33346,finite,Debug,Linux-6.18.44-x86_64-with-glibc2.41
legacy,48000,192000,80,1,40,3.38672,finite,Debug,Linux-6.18.44-x86_64-with-glibc2.41
experimental,48000,192000,80,1,40,9.42906,finite,Debug,Linux-6.18.44-x86_64-with-glibc2.41
legacy,48000,192000,80,1,80,8.8506,finite,Debug,Linux-6.18.44-x86_64-with-glibc2.41
experimental,48000,192000,80,1,80,32.3032,finite,Debug,Linux-6.18.44-x86_64-with-glibc2.41
legacy,48000,192000,80,1,160,-20.4596,finite,Debug,Linux-6.18.44-x86_64-with-glibc2.41
experimental,48000,192000,80,1,160,-2.81531,finite,Debug,Linux-6.18.44-x86_64-with-glibc2.41
legacy,48000,192000,1000,0,500,-0.0427568,finite,Debug,Linux-6.18.44-x86_64-with-glibc2.41
experimental,48000,192000,1000,0,500,-0.0436288,finite,Debug,Linux-6.18.44-x86_64-with-glibc2.41
legacy,48000,192000,1000,0,1000,-3.02434,finite,Debug,Linux-6.18.44-x86_64-with-glibc2.41
experimental,48000,192000,1000,0,1000,-3.0252,finite,Debug,Linux-6.18.44-x86_64-with-glibc2.41
legacy,48000,192000,1000,0,2000,-24.1148,finite,Debug,Linux-6.18.44-x86_64-with-glibc2.41
experimental,48000,192000,1000,0,2000,-24.1157,finite,Debug,Linux-6.18.44-x86_64-with-glibc2.41
legacy,48000,192000,1000,0.4,500,2.79675,finite,Debug,Linux-6.18.44-x86_64-with-glibc2.41
experimental,48000,192000,1000,0.4,500,-4.62477,finite,Debug,Linux-6.18.44-x86_64-with-glibc2.41
legacy,48000,192000,1000,0.4,1000,3.82408,finite,Debug,Linux-6.18.44-x86_64-with-glibc2.41
experimental,48000,192000,1000,0.4,1000,12.9607,finite,Debug,Linux-6.18.44-x86_64-with-glibc2.41
legacy,48000,192000,1000,0.4,2000,-21.2871,finite,Debug,Linux-6.18.44-x86_64-with-glibc2.41
experimental,48000,192000,1000,0.4,2000,-24.3118,finite,Debug,Linux-6.18.44-x86_64-with-glibc2.41
legacy,48000,192000,1000,0.8,500,3.45411,finite,Debug,Linux-6.18.44-x86_64-with-glibc2.41
experimental,48000,192000,1000,0.8,500,-13.7667,finite,Debug,Linux-6.18.44-x86_64-with-glibc2.41
legacy,48000,192000,1000,0.8,1000,7.60498,finite,Debug,Linux-6.18.44-x86_64-with-glibc2.41
experimental,48000,192000,1000,0.8,1000,14.0943,finite,Debug,Linux-6.18.44-x86_64-with-glibc2.41
legacy,48000,192000,1000,0.8,2000,-20.6366,finite,Debug,Linux-6.18.44-x86_64-with-glibc2.41
experimental,48000,192000,1000,0.8,2000,-24.5027,finite,Debug,Linux-6.18.44-x86_64-with-glibc2.41
legacy,48000,192000,1000,1,500,3.59892,finite,Debug,Linux-6.18.44-x86_64-with-glibc2.41
experimental,48000,192000,1000,1,500,-16.4283,finite,Debug,Linux-6.18.44-x86_64-with-glibc2.41
legacy,48000,192000,1000,1,1000,9.01635,finite,Debug,Linux-6.18.44-x86_64-with-glibc2.41
experimental,48000,192000,1000,1,1000,15.5315,finite,Debug,Linux-6.18.44-x86_64-with-glibc2.41
legacy,48000,192000,1000,1,2000,-20.4939,finite,Debug,Linux-6.18.44-x86_64-with-glibc2.41
experimental,48000,192000,1000,1,2000,-23.8746,finite,Debug,Linux-6.18.44-x86_64-with-glibc2.41
legacy,48000,192000,10000,0,5000,-0.0187599,finite,Debug,Linux-6.18.44-x86_64-with-glibc2.41
experimental,48000,192000,10000,0,5000,-0.0196242,finite,Debug,Linux-6.18.44-x86_64-with-glibc2.41
legacy,48000,192000,10000,0,10000,-3.01166,finite,Debug,Linux-6.18.44-x86_64-with-glibc2.41
experimental,48000,192000,10000,0,10000,-3.01252,finite,Debug,Linux-6.18.44-x86_64-with-glibc2.41
legacy,48000,192000,10000,0,20000,-25.0565,finite,Debug,Linux-6.18.44-x86_64-with-glibc2.41
experimental,48000,192000,10000,0,20000,-25.0573,finite,Debug,Linux-6.18.44-x86_64-with-glibc2.41
legacy,48000,192000,10000,0.4,5000,2.77232,finite,Debug,Linux-6.18.44-x86_64-with-glibc2.41
experimental,48000,192000,10000,0.4,5000,-4.1142,finite,Debug,Linux-6.18.44-x86_64-with-glibc2.41
legacy,48000,192000,10000,0.4,10000,3.83676,finite,Debug,Linux-6.18.44-x86_64-with-glibc2.41
experimental,48000,192000,10000,0.4,10000,6.44548,finite,Debug,Linux-6.18.44-x86_64-with-glibc2.41
legacy,48000,192000,10000,0.4,20000,-22.3732,finite,Debug,Linux-6.18.44-x86_64-with-glibc2.41
experimental,48000,192000,10000,0.4,20000,-25.5102,finite,Debug,Linux-6.18.44-x86_64-with-glibc2.41
legacy,48000,192000,10000,0.8,5000,3.40997,finite,Debug,Linux-6.18.44-x86_64-with-glibc2.41
experimental,48000,192000,10000,0.8,5000,-11.405,finite,Debug,Linux-6.18.44-x86_64-with-glibc2.41
legacy,48000,192000,10000,0.8,10000,7.61766,finite,Debug,Linux-6.18.44-x86_64-with-glibc2.41
experimental,48000,192000,10000,0.8,10000,-2.8132,finite,Debug,Linux-6.18.44-x86_64-with-glibc2.41
legacy,48000,192000,10000,0.8,20000,-21.7712,finite,Debug,Linux-6.18.44-x86_64-with-glibc2.41
experimental,48000,192000,10000,0.8,20000,-39.3307,finite,Debug,Linux-6.18.44-x86_64-with-glibc2.41
legacy,48000,192000,10000,1,5000,3.54949,finite,Debug,Linux-6.18.44-x86_64-with-glibc2.41
experimental,48000,192000,10000,1,5000,-13.7914,finite,Debug,Linux-6.18.44-x86_64-with-glibc2.41
legacy,48000,192000,10000,1,10000,9.02902,finite,Debug,Linux-6.18.44-x86_64-with-glibc2.41
experimental,48000,192000,10000,1,10000,-3.83534,finite,Debug,Linux-6.18.44-x86_64-with-glibc2.41
legacy,48000,192000,10000,1,20000,-21.6402,finite,Debug,Linux-6.18.44-x86_64-with-glibc2.41
experimental,48000,192000,10000,1,20000,-42.7816,finite,Debug,Linux-6.18.44-x86_64-with-glibc2.41
legacy,96000,384000,80,0,40,-0.29231,finite,Debug,Linux-6.18.44-x86_64-with-glibc2.41
experimental,96000,384000,80,0,40,-0.29317,finite,Debug,Linux-6.18.44-x86_64-with-glibc2.41
legacy,96000,384000,80,0,80,-3.02084,finite,Debug,Linux-6.18.44-x86_64-with-glibc2.41
experimental,96000,384000,80,0,80,-3.02167,finite,Debug,Linux-6.18.44-x86_64-with-glibc2.41
legacy,96000,384000,80,0,160,-23.9479,finite,Debug,Linux-6.18.44-x86_64-with-glibc2.41
experimental,96000,384000,80,0,160,-23.9487,finite,Debug,Linux-6.18.44-x86_64-with-glibc2.41
legacy,96000,384000,80,0.4,40,3.10731,finite,Debug,Linux-6.18.44-x86_64-with-glibc2.41
experimental,96000,384000,80,0.4,40,-4.0899,finite,Debug,Linux-6.18.44-x86_64-with-glibc2.41
legacy,96000,384000,80,0.4,80,3.82881,finite,Debug,Linux-6.18.44-x86_64-with-glibc2.41
experimental,96000,384000,80,0.4,80,10.6638,finite,Debug,Linux-6.18.44-x86_64-with-glibc2.41
legacy,96000,384000,80,0.4,160,-21.2276,finite,Debug,Linux-6.18.44-x86_64-with-glibc2.41
experimental,96000,384000,80,0.4,160,-23.0473,finite,Debug,Linux-6.18.44-x86_64-with-glibc2.41
legacy,96000,384000,80,0.8,40,3.95949,finite,Debug,Linux-6.18.44-x86_64-with-glibc2.41
experimental,96000,384000,80,0.8,40,3.19197,finite,Debug,Linux-6.18.44-x86_64-with-glibc2.41
legacy,96000,384000,80,0.8,80,7.60788,finite,Debug,Linux-6.18.44-x86_64-with-glibc2.41
experimental,96000,384000,80,0.8,80,27.7251,finite,Debug,Linux-6.18.44-x86_64-with-glibc2.41
legacy,96000,384000,80,0.8,160,-20.6154,finite,Debug,Linux-6.18.44-x86_64-with-glibc2.41
experimental,96000,384000,80,0.8,160,-1.208,finite,Debug,Linux-6.18.44-x86_64-with-glibc2.41
legacy,96000,384000,80,1,40,4.1556,finite,Debug,Linux-6.18.44-x86_64-with-glibc2.41
experimental,96000,384000,80,1,40,7.91845,finite,Debug,Linux-6.18.44-x86_64-with-glibc2.41
legacy,96000,384000,80,1,80,9.0101,finite,Debug,Linux-6.18.44-x86_64-with-glibc2.41
experimental,96000,384000,80,1,80,30.6599,finite,Debug,Linux-6.18.44-x86_64-with-glibc2.41
legacy,96000,384000,80,1,160,-20.4612,finite,Debug,Linux-6.18.44-x86_64-with-glibc2.41
experimental,96000,384000,80,1,160,6.76361,finite,Debug,Linux-6.18.44-x86_64-with-glibc2.41
legacy,96000,384000,1000,0,500,0.0343618,finite,Debug,Linux-6.18.44-x86_64-with-glibc2.41
experimental,96000,384000,1000,0,500,0.0334989,finite,Debug,Linux-6.18.44-x86_64-with-glibc2.41
legacy,96000,384000,1000,0,1000,-2.9823,finite,Debug,Linux-6.18.44-x86_64-with-glibc2.41
experimental,96000,384000,1000,0,1000,-2.98316,finite,Debug,Linux-6.18.44-x86_64-with-glibc2.41
legacy,96000,384000,1000,0,2000,-24.089,finite,Debug,Linux-6.18.44-x86_64-with-glibc2.41
experimental,96000,384000,1000,0,2000,-24.0899,finite,Debug,Linux-6.18.44-x86_64-with-glibc2.41
legacy,96000,384000,1000,0.4,500,2.83024,finite,Debug,Linux-6.18.44-x86_64-with-glibc2.41
experimental,96000,384000,1000,0.4,500,-4.68254,finite,Debug,Linux-6.18.44-x86_64-with-glibc2.41
legacy,96000,384000,1000,0.4,1000,3.86612,finite,Debug,Linux-6.18.44-x86_64-with-glibc2.41
experimental,96000,384000,1000,0.4,1000,13.114,finite,Debug,Linux-6.18.44-x86_64-with-glibc2.41
legacy,96000,384000,1000,0.4,2000,-21.2718,finite,Debug,Linux-6.18.44-x86_64-with-glibc2.41
experimental,96000,384000,1000,0.4,2000,-24.2678,finite,Debug,Linux-6.18.44-x86_64-with-glibc2.41
legacy,96000,384000,1000,0.8,500,3.46123,finite,Debug,Linux-6.18.44-x86_64-with-glibc2.41
experimental,96000,384000,1000,0.8,500,-10.237,finite,Debug,Linux-6.18.44-x86_64-with-glibc2.41
legacy,96000,384000,1000,0.8,1000,7.64703,finite,Debug,Linux-6.18.44-x86_64-with-glibc2.41
experimental,96000,384000,1000,0.8,1000,31.3603,finite,Debug,Linux-6.18.44-x86_64-with-glibc2.41
legacy,96000,384000,1000,0.8,2000,-20.6277,finite,Debug,Linux-6.18.44-x86_64-with-glibc2.41
experimental,96000,384000,1000,0.8,2000,-14.8269,finite,Debug,Linux-6.18.44-x86_64-with-glibc2.41
legacy,96000,384000,1000,1,500,3.59783,finite,Debug,Linux-6.18.44-x86_64-with-glibc2.41
experimental,96000,384000,1000,1,500,-11.3167,finite,Debug,Linux-6.18.44-x86_64-with-glibc2.41
legacy,96000,384000,1000,1,1000,9.05839,finite,Debug,Linux-6.18.44-x86_64-with-glibc2.41
experimental,96000,384000,1000,1,1000,31.7629,finite,Debug,Linux-6.18.44-x86_64-with-glibc2.41
legacy,96000,384000,1000,1,2000,-20.4869,finite,Debug,Linux-6.18.44-x86_64-with-glibc2.41
experimental,96000,384000,1000,1,2000,-14.606,finite,Debug,Linux-6.18.44-x86_64-with-glibc2.41
legacy,96000,384000,10000,0,5000,-0.0114226,finite,Debug,Linux-6.18.44-x86_64-with-glibc2.41
experimental,96000,384000,10000,0,5000,-0.0122862,finite,Debug,Linux-6.18.44-x86_64-with-glibc2.41
legacy,96000,384000,10000,0,10000,-3.00752,finite,Debug,Linux-6.18.44-x86_64-with-glibc2.41
experimental,96000,384000,10000,0,10000,-3.00838,finite,Debug,Linux-6.18.44-x86_64-with-glibc2.41
legacy,96000,384000,10000,0,20000,-24.3318,finite,Debug,Linux-6.18.44-x86_64-with-glibc2.41
experimental,96000,384000,10000,0,20000,-24.3327,finite,Debug,Linux-6.18.44-x86_64-with-glibc2.41
legacy,96000,384000,10000,0.4,5000,2.80219,finite,Debug,Linux-6.18.44-x86_64-with-glibc2.41
experimental,96000,384000,10000,0.4,5000,-4.40712,finite,Debug,Linux-6.18.44-x86_64-with-glibc2.41
legacy,96000,384000,10000,0.4,10000,3.84089,finite,Debug,Linux-6.18.44-x86_64-with-glibc2.41
experimental,96000,384000,10000,0.4,10000,10.3261,finite,Debug,Linux-6.18.44-x86_64-with-glibc2.41
legacy,96000,384000,10000,0.4,20000,-21.5429,finite,Debug,Linux-6.18.44-x86_64-with-glibc2.41
experimental,96000,384000,10000,0.4,20000,-24.6716,finite,Debug,Linux-6.18.44-x86_64-with-glibc2.41
legacy,96000,384000,10000,0.8,5000,3.44614,finite,Debug,Linux-6.18.44-x86_64-with-glibc2.41
experimental,96000,384000,10000,0.8,5000,-11.7928,finite,Debug,Linux-6.18.44-x86_64-with-glibc2.41
legacy,96000,384000,10000,0.8,10000,7.6218,finite,Debug,Linux-6.18.44-x86_64-with-glibc2.41
experimental,96000,384000,10000,0.8,10000,-4.69245,finite,Debug,Linux-6.18.44-x86_64-with-glibc2.41
legacy,96000,384000,10000,0.8,20000,-20.9065,finite,Debug,Linux-6.18.44-x86_64-with-glibc2.41
experimental,96000,384000,10000,0.8,20000,-37.6321,finite,Debug,Linux-6.18.44-x86_64-with-glibc2.41
legacy,96000,384000,10000,1,5000,3.58698,finite,Debug,Linux-6.18.44-x86_64-with-glibc2.41
experimental,96000,384000,10000,1,5000,-14.1528,finite,Debug,Linux-6.18.44-x86_64-with-glibc2.41
legacy,96000,384000,10000,1,10000,9.03316,finite,Debug,Linux-6.18.44-x86_64-with-glibc2.41
experimental,96000,384000,10000,1,10000,-6.2059,finite,Debug,Linux-6.18.44-x86_64-with-glibc2.41
legacy,96000,384000,10000,1,20000,-20.7673,finite,Debug,Linux-6.18.44-x86_64-with-glibc2.41
experimental,96000,384000,10000,1,20000,-33.3589,finite,Debug,Linux-6.18.44-x86_64-with-glibc2.41
legacy,44100,176400,80,0,40,-0.0954624,finite,Release,Linux-6.18.44-x86_64-with-glibc2.41
experimental,44100,176400,80,0,40,-0.0963243,finite,Release,Linux-6.18.44-x86_64-with-glibc2.41
legacy,44100,176400,80,0,80,-2.99006,finite,Release,Linux-6.18.44-x86_64-with-glibc2.41
experimental,44100,176400,80,0,80,-2.99093,finite,Release,Linux-6.18.44-x86_64-with-glibc2.41
legacy,44100,176400,80,0,160,-24.0286,finite,Release,Linux-6.18.44-x86_64-with-glibc2.41
experimental,44100,176400,80,0,160,-24.0295,finite,Release,Linux-6.18.44-x86_64-with-glibc2.41
legacy,44100,176400,80,0.4,40,2.99223,finite,Release,Linux-6.18.44-x86_64-with-glibc2.41
experimental,44100,176400,80,0.4,40,-4.3336,finite,Release,Linux-6.18.44-x86_64-with-glibc2.41
legacy,44100,176400,80,0.4,80,3.85835,finite,Release,Linux-6.18.44-x86_64-with-glibc2.41
experimental,44100,176400,80,0.4,80,12.9426,finite,Release,Linux-6.18.44-x86_64-with-glibc2.41
legacy,44100,176400,80,0.4,160,-21.2181,finite,Release,Linux-6.18.44-x86_64-with-glibc2.41
experimental,44100,176400,80,0.4,160,-24.0914,finite,Release,Linux-6.18.44-x86_64-with-glibc2.41
legacy,44100,176400,80,0.8,40,3.72761,finite,Release,Linux-6.18.44-x86_64-with-glibc2.41
experimental,44100,176400,80,0.8,40,5.55814,finite,Release,Linux-6.18.44-x86_64-with-glibc2.41
legacy,44100,176400,80,0.8,80,7.63927,finite,Release,Linux-6.18.44-x86_64-with-glibc2.41
experimental,44100,176400,80,0.8,80,31.5721,finite,Release,Linux-6.18.44-x86_64-with-glibc2.41
legacy,44100,176400,80,0.8,160,-20.5863,finite,Release,Linux-6.18.44-x86_64-with-glibc2.41
experimental,44100,176400,80,0.8,160,4.18185,finite,Release,Linux-6.18.44-x86_64-with-glibc2.41
legacy,44100,176400,80,1,40,3.89054,finite,Release,Linux-6.18.44-x86_64-with-glibc2.41
experimental,44100,176400,80,1,40,8.81339,finite,Release,Linux-6.18.44-x86_64-with-glibc2.41
legacy,44100,176400,80,1,80,9.05063,finite,Release,Linux-6.18.44-x86_64-with-glibc2.41
experimental,44100,176400,80,1,80,32.2654,finite,Release,Linux-6.18.44-x86_64-with-glibc2.41
legacy,44100,176400,80,1,160,-20.4501,finite,Release,Linux-6.18.44-x86_64-with-glibc2.41
experimental,44100,176400,80,1,160,6.60194,finite,Release,Linux-6.18.44-x86_64-with-glibc2.41
legacy,44100,176400,1000,0,500,-0.0251051,finite,Release,Linux-6.18.44-x86_64-with-glibc2.41
experimental,44100,176400,1000,0,500,-0.0259669,finite,Release,Linux-6.18.44-x86_64-with-glibc2.41
legacy,44100,176400,1000,0,1000,-3.01711,finite,Release,Linux-6.18.44-x86_64-with-glibc2.41
experimental,44100,176400,1000,0,1000,-3.01797,finite,Release,Linux-6.18.44-x86_64-with-glibc2.41
legacy,44100,176400,1000,0,2000,-24.1126,finite,Release,Linux-6.18.44-x86_64-with-glibc2.41
experimental,44100,176400,1000,0,2000,-24.1134,finite,Release,Linux-6.18.44-x86_64-with-glibc2.41
legacy,44100,176400,1000,0.4,500,2.79686,finite,Release,Linux-6.18.44-x86_64-with-glibc2.41
experimental,44100,176400,1000,0.4,500,-4.63727,finite,Release,Linux-6.18.44-x86_64-with-glibc2.41
legacy,44100,176400,1000,0.4,1000,3.83131,finite,Release,Linux-6.18.44-x86_64-with-glibc2.41
experimental,44100,176400,1000,0.4,1000,12.9371,finite,Release,Linux-6.18.44-x86_64-with-glibc2.41
legacy,44100,176400,1000,0.4,2000,-21.2933,finite,Release,Linux-6.18.44-x86_64-with-glibc2.41
experimental,44100,176400,1000,0.4,2000,-24.3145,finite,Release,Linux-6.18.44-x86_64-with-glibc2.41
legacy,44100,176400,1000,0.8,500,3.44604,finite,Release,Linux-6.18.44-x86_64-with-glibc2.41
experimental,44100,176400,1000,0.8,500,-6.90962,finite,Release,Linux-6.18.44-x86_64-with-glibc2.41
legacy,44100,176400,1000,0.8,1000,7.61222,finite,Release,Linux-6.18.44-x86_64-with-glibc2.41
experimental,44100,176400,1000,0.8,1000,16.1534,finite,Release,Linux-6.18.44-x86_64-with-glibc2.41
legacy,44100,176400,1000,0.8,2000,-20.6459,finite,Release,Linux-6.18.44-x86_64-with-glibc2.41
experimental,44100,176400,1000,0.8,2000,-17.4237,finite,Release,Linux-6.18.44-x86_64-with-glibc2.41
legacy,44100,176400,1000,1,500,3.58852,finite,Release,Linux-6.18.44-x86_64-with-glibc2.41
experimental,44100,176400,1000,1,500,-6.55195,finite,Release,Linux-6.18.44-x86_64-with-glibc2.41
legacy,44100,176400,1000,1,1000,9.02357,finite,Release,Linux-6.18.44-x86_64-with-glibc2.41
experimental,44100,176400,1000,1,1000,14.2085,finite,Release,Linux-6.18.44-x86_64-with-glibc2.41
legacy,44100,176400,1000,1,2000,-20.504,finite,Release,Linux-6.18.44-x86_64-with-glibc2.41
experimental,44100,176400,1000,1,2000,-17.5539,finite,Release,Linux-6.18.44-x86_64-with-glibc2.41
legacy,44100,176400,10000,0,5000,-0.0157716,finite,Release,Linux-6.18.44-x86_64-with-glibc2.41
experimental,44100,176400,10000,0,5000,-0.0166355,finite,Release,Linux-6.18.44-x86_64-with-glibc2.41
legacy,44100,176400,10000,0,10000,-3.01106,finite,Release,Linux-6.18.44-x86_64-with-glibc2.41
experimental,44100,176400,10000,0,10000,-3.01193,finite,Release,Linux-6.18.44-x86_64-with-glibc2.41
legacy,44100,176400,10000,0,20000,-25.2394,finite,Release,Linux-6.18.44-x86_64-with-glibc2.41
experimental,44100,176400,10000,0,20000,-25.2403,finite,Release,Linux-6.18.44-x86_64-with-glibc2.41
legacy,44100,176400,10000,0.4,5000,2.76625,finite,Release,Linux-6.18.44-x86_64-with-glibc2.41
experimental,44100,176400,10000,0.4,5000,-4.06567,finite,Release,Linux-6.18.44-x86_64-with-glibc2.41
legacy,44100,176400,10000,0.4,10000,3.83735,finite,Release,Linux-6.18.44-x86_64-with-glibc2.41
experimental,44100,176400,10000,0.4,10000,5.85855,finite,Release,Linux-6.18.44-x86_64-with-glibc2.41
legacy,44100,176400,10000,0.4,20000,-22.5832,finite,Release,Linux-6.18.44-x86_64-with-glibc2.41
experimental,44100,176400,10000,0.4,20000,-25.7037,finite,Release,Linux-6.18.44-x86_64-with-glibc2.41
legacy,44100,176400,10000,0.8,5000,3.4005,finite,Release,Linux-6.18.44-x86_64-with-glibc2.41
experimental,44100,176400,10000,0.8,5000,-13.7882,finite,Release,Linux-6.18.44-x86_64-with-glibc2.41
legacy,44100,176400,10000,0.8,10000,7.61826,finite,Release,Linux-6.18.44-x86_64-with-glibc2.41
experimental,44100,176400,10000,0.8,10000,-5.91909,finite,Release,Linux-6.18.44-x86_64-with-glibc2.41
legacy,44100,176400,10000,0.8,20000,-21.99,finite,Release,Linux-6.18.44-x86_64-with-glibc2.41
experimental,44100,176400,10000,0.8,20000,-33.8925,finite,Release,Linux-6.18.44-x86_64-with-glibc2.41
legacy,44100,176400,10000,1,5000,3.53915,finite,Release,Linux-6.18.44-x86_64-with-glibc2.41
experimental,44100,176400,10000,1,5000,-16.038,finite,Release,Linux-6.18.44-x86_64-with-glibc2.41
legacy,44100,176400,10000,1,10000,9.02962,finite,Release,Linux-6.18.44-x86_64-with-glibc2.41
experimental,44100,176400,10000,1,10000,-8.19288,finite,Release,Linux-6.18.44-x86_64-with-glibc2.41
legacy,44100,176400,10000,1,20000,-21.8611,finite,Release,Linux-6.18.44-x86_64-with-glibc2.41
experimental,44100,176400,10000,1,20000,-34.9773,finite,Release,Linux-6.18.44-x86_64-with-glibc2.41
legacy,48000,192000,80,0,40,-0.0881154,finite,Release,Linux-6.18.44-x86_64-with-glibc2.41
experimental,48000,192000,80,0,40,-0.0889697,finite,Release,Linux-6.18.44-x86_64-with-glibc2.41
legacy,48000,192000,80,0,80,-3.19009,finite,Release,Linux-6.18.44-x86_64-with-glibc2.41
experimental,48000,192000,80,0,80,-3.19097,finite,Release,Linux-6.18.44-x86_64-with-glibc2.41
legacy,48000,192000,80,0,160,-24.1643,finite,Release,Linux-6.18.44-x86_64-with-glibc2.41
experimental,48000,192000,80,0,160,-24.1652,finite,Release,Linux-6.18.44-x86_64-with-glibc2.41
legacy,48000,192000,80,0.4,40,2.61849,finite,Release,Linux-6.18.44-x86_64-with-glibc2.41
experimental,48000,192000,80,0.4,40,-4.83787,finite,Release,Linux-6.18.44-x86_64-with-glibc2.41
legacy,48000,192000,80,0.4,80,3.65833,finite,Release,Linux-6.18.44-x86_64-with-glibc2.41
experimental,48000,192000,80,0.4,80,12.5755,finite,Release,Linux-6.18.44-x86_64-with-glibc2.41
legacy,48000,192000,80,0.4,160,-21.2852,finite,Release,Linux-6.18.44-x86_64-with-glibc2.41
experimental,48000,192000,80,0.4,160,-24.3864,finite,Release,Linux-6.18.44-x86_64-with-glibc2.41
legacy,48000,192000,80,0.8,40,3.24643,finite,Release,Linux-6.18.44-x86_64-with-glibc2.41
experimental,48000,192000,80,0.8,40,8.51262,finite,Release,Linux-6.18.44-x86_64-with-glibc2.41
legacy,48000,192000,80,0.8,80,7.43923,finite,Release,Linux-6.18.44-x86_64-with-glibc2.41
experimental,48000,192000,80,0.8,80,31.7428,finite,Release,Linux-6.18.44-x86_64-with-glibc2.41
legacy,48000,192000,80,0.8,160,-20.6095,finite,Release,Linux-6.18.44-x86_64-with-glibc2.41
experimental,48000,192000,80,0.8,160,-6.33346,finite,Release,Linux-6.18.44-x86_64-with-glibc2.41
legacy,48000,192000,80,1,40,3.38672,finite,Release,Linux-6.18.44-x86_64-with-glibc2.41
experimental,48000,192000,80,1,40,9.42906,finite,Release,Linux-6.18.44-x86_64-with-glibc2.41
legacy,48000,192000,80,1,80,8.8506,finite,Release,Linux-6.18.44-x86_64-with-glibc2.41
experimental,48000,192000,80,1,80,32.3032,finite,Release,Linux-6.18.44-x86_64-with-glibc2.41
legacy,48000,192000,80,1,160,-20.4596,finite,Release,Linux-6.18.44-x86_64-with-glibc2.41
experimental,48000,192000,80,1,160,-2.81531,finite,Release,Linux-6.18.44-x86_64-with-glibc2.41
legacy,48000,192000,1000,0,500,-0.0427568,finite,Release,Linux-6.18.44-x86_64-with-glibc2.41
experimental,48000,192000,1000,0,500,-0.0436288,finite,Release,Linux-6.18.44-x86_64-with-glibc2.41
legacy,48000,192000,1000,0,1000,-3.02434,finite,Release,Linux-6.18.44-x86_64-with-glibc2.41
experimental,48000,192000,1000,0,1000,-3.0252,finite,Release,Linux-6.18.44-x86_64-with-glibc2.41
legacy,48000,192000,1000,0,2000,-24.1148,finite,Release,Linux-6.18.44-x86_64-with-glibc2.41
experimental,48000,192000,1000,0,2000,-24.1157,finite,Release,Linux-6.18.44-x86_64-with-glibc2.41
legacy,48000,192000,1000,0.4,500,2.79675,finite,Release,Linux-6.18.44-x86_64-with-glibc2.41
experimental,48000,192000,1000,0.4,500,-4.62477,finite,Release,Linux-6.18.44-x86_64-with-glibc2.41
legacy,48000,192000,1000,0.4,1000,3.82408,finite,Release,Linux-6.18.44-x86_64-with-glibc2.41
experimental,48000,192000,1000,0.4,1000,12.9607,finite,Release,Linux-6.18.44-x86_64-with-glibc2.41
legacy,48000,192000,1000,0.4,2000,-21.2871,finite,Release,Linux-6.18.44-x86_64-with-glibc2.41
experimental,48000,192000,1000,0.4,2000,-24.3118,finite,Release,Linux-6.18.44-x86_64-with-glibc2.41
legacy,48000,192000,1000,0.8,500,3.45411,finite,Release,Linux-6.18.44-x86_64-with-glibc2.41
experimental,48000,192000,1000,0.8,500,-13.7667,finite,Release,Linux-6.18.44-x86_64-with-glibc2.41
legacy,48000,192000,1000,0.8,1000,7.60498,finite,Release,Linux-6.18.44-x86_64-with-glibc2.41
experimental,48000,192000,1000,0.8,1000,14.0943,finite,Release,Linux-6.18.44-x86_64-with-glibc2.41
legacy,48000,192000,1000,0.8,2000,-20.6366,finite,Release,Linux-6.18.44-x86_64-with-glibc2.41
experimental,48000,192000,1000,0.8,2000,-24.5027,finite,Release,Linux-6.18.44-x86_64-with-glibc2.41
legacy,48000,192000,1000,1,500,3.59892,finite,Release,Linux-6.18.44-x86_64-with-glibc2.41
experimental,48000,192000,1000,1,500,-16.4283,finite,Release,Linux-6.18.44-x86_64-with-glibc2.41
legacy,48000,192000,1000,1,1000,9.01635,finite,Release,Linux-6.18.44-x86_64-with-glibc2.41
experimental,48000,192000,1000,1,1000,15.5315,finite,Release,Linux-6.18.44-x86_64-with-glibc2.41
legacy,48000,192000,1000,1,2000,-20.4939,finite,Release,Linux-6.18.44-x86_64-with-glibc2.41
experimental,48000,192000,1000,1,2000,-23.8746,finite,Release,Linux-6.18.44-x86_64-with-glibc2.41
legacy,48000,192000,10000,0,5000,-0.0187599,finite,Release,Linux-6.18.44-x86_64-with-glibc2.41
experimental,48000,192000,10000,0,5000,-0.0196242,finite,Release,Linux-6.18.44-x86_64-with-glibc2.41
legacy,48000,192000,10000,0,10000,-3.01166,finite,Release,Linux-6.18.44-x86_64-with-glibc2.41
experimental,48000,192000,10000,0,10000,-3.01252,finite,Release,Linux-6.18.44-x86_64-with-glibc2.41
legacy,48000,192000,10000,0,20000,-25.0565,finite,Release,Linux-6.18.44-x86_64-with-glibc2.41
experimental,48000,192000,10000,0,20000,-25.0573,finite,Release,Linux-6.18.44-x86_64-with-glibc2.41
legacy,48000,192000,10000,0.4,5000,2.77232,finite,Release,Linux-6.18.44-x86_64-with-glibc2.41
experimental,48000,192000,10000,0.4,5000,-4.1142,finite,Release,Linux-6.18.44-x86_64-with-glibc2.41
legacy,48000,192000,10000,0.4,10000,3.83676,finite,Release,Linux-6.18.44-x86_64-with-glibc2.41
experimental,48000,192000,10000,0.4,10000,6.44548,finite,Release,Linux-6.18.44-x86_64-with-glibc2.41
legacy,48000,192000,10000,0.4,20000,-22.3732,finite,Release,Linux-6.18.44-x86_64-with-glibc2.41
experimental,48000,192000,10000,0.4,20000,-25.5102,finite,Release,Linux-6.18.44-x86_64-with-glibc2.41
legacy,48000,192000,10000,0.8,5000,3.40997,finite,Release,Linux-6.18.44-x86_64-with-glibc2.41
experimental,48000,192000,10000,0.8,5000,-11.405,finite,Release,Linux-6.18.44-x86_64-with-glibc2.41
legacy,48000,192000,10000,0.8,10000,7.61766,finite,Release,Linux-6.18.44-x86_64-with-glibc2.41
experimental,48000,192000,10000,0.8,10000,-2.8132,finite,Release,Linux-6.18.44-x86_64-with-glibc2.41
legacy,48000,192000,10000,0.8,20000,-21.7712,finite,Release,Linux-6.18.44-x86_64-with-glibc2.41
experimental,48000,192000,10000,0.8,20000,-39.3307,finite,Release,Linux-6.18.44-x86_64-with-glibc2.41
legacy,48000,192000,10000,1,5000,3.54949,finite,Release,Linux-6.18.44-x86_64-with-glibc2.41
experimental,48000,192000,10000,1,5000,-13.7914,finite,Release,Linux-6.18.44-x86_64-with-glibc2.41
legacy,48000,192000,10000,1,10000,9.02902,finite,Release,Linux-6.18.44-x86_64-with-glibc2.41
experimental,48000,192000,10000,1,10000,-3.83534,finite,Release,Linux-6.18.44-x86_64-with-glibc2.41
legacy,48000,192000,10000,1,20000,-21.6402,finite,Release,Linux-6.18.44-x86_64-with-glibc2.41
experimental,48000,192000,10000,1,20000,-42.7816,finite,Release,Linux-6.18.44-x86_64-with-glibc2.41
legacy,96000,384000,80,0,40,-0.29231,finite,Release,Linux-6.18.44-x86_64-with-glibc2.41
experimental,96000,384000,80,0,40,-0.29317,finite,Release,Linux-6.18.44-x86_64-with-glibc2.41
legacy,96000,384000,80,0,80,-3.02084,finite,Release,Linux-6.18.44-x86_64-with-glibc2.41
experimental,96000,384000,80,0,80,-3.02167,finite,Release,Linux-6.18.44-x86_64-with-glibc2.41
legacy,96000,384000,80,0,160,-23.9479,finite,Release,Linux-6.18.44-x86_64-with-glibc2.41
experimental,96000,384000,80,0,160,-23.9487,finite,Release,Linux-6.18.44-x86_64-with-glibc2.41
legacy,96000,384000,80,0.4,40,3.10731,finite,Release,Linux-6.18.44-x86_64-with-glibc2.41
experimental,96000,384000,80,0.4,40,-4.0899,finite,Release,Linux-6.18.44-x86_64-with-glibc2.41
legacy,96000,384000,80,0.4,80,3.82881,finite,Release,Linux-6.18.44-x86_64-with-glibc2.41
experimental,96000,384000,80,0.4,80,10.6638,finite,Release,Linux-6.18.44-x86_64-with-glibc2.41
legacy,96000,384000,80,0.4,160,-21.2276,finite,Release,Linux-6.18.44-x86_64-with-glibc2.41
experimental,96000,384000,80,0.4,160,-23.0473,finite,Release,Linux-6.18.44-x86_64-with-glibc2.41
legacy,96000,384000,80,0.8,40,3.95949,finite,Release,Linux-6.18.44-x86_64-with-glibc2.41
experimental,96000,384000,80,0.8,40,3.19197,finite,Release,Linux-6.18.44-x86_64-with-glibc2.41
legacy,96000,384000,80,0.8,80,7.60788,finite,Release,Linux-6.18.44-x86_64-with-glibc2.41
experimental,96000,384000,80,0.8,80,27.7251,finite,Release,Linux-6.18.44-x86_64-with-glibc2.41
legacy,96000,384000,80,0.8,160,-20.6154,finite,Release,Linux-6.18.44-x86_64-with-glibc2.41
experimental,96000,384000,80,0.8,160,-1.208,finite,Release,Linux-6.18.44-x86_64-with-glibc2.41
legacy,96000,384000,80,1,40,4.1556,finite,Release,Linux-6.18.44-x86_64-with-glibc2.41
experimental,96000,384000,80,1,40,7.91845,finite,Release,Linux-6.18.44-x86_64-with-glibc2.41
legacy,96000,384000,80,1,80,9.0101,finite,Release,Linux-6.18.44-x86_64-with-glibc2.41
experimental,96000,384000,80,1,80,30.6599,finite,Release,Linux-6.18.44-x86_64-with-glibc2.41
legacy,96000,384000,80,1,160,-20.4612,finite,Release,Linux-6.18.44-x86_64-with-glibc2.41
experimental,96000,384000,80,1,160,6.76361,finite,Release,Linux-6.18.44-x86_64-with-glibc2.41
legacy,96000,384000,1000,0,500,0.0343618,finite,Release,Linux-6.18.44-x86_64-with-glibc2.41
experimental,96000,384000,1000,0,500,0.0334989,finite,Release,Linux-6.18.44-x86_64-with-glibc2.41
legacy,96000,384000,1000,0,1000,-2.9823,finite,Release,Linux-6.18.44-x86_64-with-glibc2.41
experimental,96000,384000,1000,0,1000,-2.98316,finite,Release,Linux-6.18.44-x86_64-with-glibc2.41
legacy,96000,384000,1000,0,2000,-24.089,finite,Release,Linux-6.18.44-x86_64-with-glibc2.41
experimental,96000,384000,1000,0,2000,-24.0899,finite,Release,Linux-6.18.44-x86_64-with-glibc2.41
legacy,96000,384000,1000,0.4,500,2.83024,finite,Release,Linux-6.18.44-x86_64-with-glibc2.41
experimental,96000,384000,1000,0.4,500,-4.68254,finite,Release,Linux-6.18.44-x86_64-with-glibc2.41
legacy,96000,384000,1000,0.4,1000,3.86612,finite,Release,Linux-6.18.44-x86_64-with-glibc2.41
experimental,96000,384000,1000,0.4,1000,13.114,finite,Release,Linux-6.18.44-x86_64-with-glibc2.41
legacy,96000,384000,1000,0.4,2000,-21.2718,finite,Release,Linux-6.18.44-x86_64-with-glibc2.41
experimental,96000,384000,1000,0.4,2000,-24.2678,finite,Release,Linux-6.18.44-x86_64-with-glibc2.41
legacy,96000,384000,1000,0.8,500,3.46123,finite,Release,Linux-6.18.44-x86_64-with-glibc2.41
experimental,96000,384000,1000,0.8,500,-10.237,finite,Release,Linux-6.18.44-x86_64-with-glibc2.41
legacy,96000,384000,1000,0.8,1000,7.64703,finite,Release,Linux-6.18.44-x86_64-with-glibc2.41
experimental,96000,384000,1000,0.8,1000,31.3603,finite,Release,Linux-6.18.44-x86_64-with-glibc2.41
legacy,96000,384000,1000,0.8,2000,-20.6277,finite,Release,Linux-6.18.44-x86_64-with-glibc2.41
experimental,96000,384000,1000,0.8,2000,-14.8269,finite,Release,Linux-6.18.44-x86_64-with-glibc2.41
legacy,96000,384000,1000,1,500,3.59783,finite,Release,Linux-6.18.44-x86_64-with-glibc2.41
experimental,96000,384000,1000,1,500,-11.3167,finite,Release,Linux-6.18.44-x86_64-with-glibc2.41
legacy,96000,384000,1000,1,1000,9.05839,finite,Release,Linux-6.18.44-x86_64-with-glibc2.41
experimental,96000,384000,1000,1,1000,31.7629,finite,Release,Linux-6.18.44-x86_64-with-glibc2.41
legacy,96000,384000,1000,1,2000,-20.4869,finite,Release,Linux-6.18.44-x86_64-with-glibc2.41
experimental,96000,384000,1000,1,2000,-14.606,finite,Release,Linux-6.18.44-x86_64-with-glibc2.41
legacy,96000,384000,10000,0,5000,-0.0114226,finite,Release,Linux-6.18.44-x86_64-with-glibc2.41
experimental,96000,384000,10000,0,5000,-0.0122862,finite,Release,Linux-6.18.44-x86_64-with-glibc2.41
legacy,96000,384000,10000,0,10000,-3.00752,finite,Release,Linux-6.18.44-x86_64-with-glibc2.41
experimental,96000,384000,10000,0,10000,-3.00838,finite,Release,Linux-6.18.44-x86_64-with-glibc2.41
legacy,96000,384000,10000,0,20000,-24.3318,finite,Release,Linux-6.18.44-x86_64-with-glibc2.41
experimental,96000,384000,10000,0,20000,-24.3327,finite,Release,Linux-6.18.44-x86_64-with-glibc2.41
legacy,96000,384000,10000,0.4,5000,2.80219,finite,Release,Linux-6.18.44-x86_64-with-glibc2.41
experimental,96000,384000,10000,0.4,5000,-4.40712,finite,Release,Linux-6.18.44-x86_64-with-glibc2.41
legacy,96000,384000,10000,0.4,10000,3.84089,finite,Release,Linux-6.18.44-x86_64-with-glibc2.41
experimental,96000,384000,10000,0.4,10000,10.3261,finite,Release,Linux-6.18.44-x86_64-with-glibc2.41
legacy,96000,384000,10000,0.4,20000,-21.5429,finite,Release,Linux-6.18.44-x86_64-with-glibc2.41
experimental,96000,384000,10000,0.4,20000,-24.6716,finite,Release,Linux-6.18.44-x86_64-with-glibc2.41
legacy,96000,384000,10000,0.8,5000,3.44614,finite,Release,Linux-6.18.44-x86_64-with-glibc2.41
experimental,96000,384000,10000,0.8,5000,-11.7928,finite,Release,Linux-6.18.44-x86_64-with-glibc2.41
legacy,96000,384000,10000,0.8,10000,7.6218,finite,Release,Linux-6.18.44-x86_64-with-glibc2.41
experimental,96000,384000,10000,0.8,10000,-4.69245,finite,Release,Linux-6.18.44-x86_64-with-glibc2.41
legacy,96000,384000,10000,0.8,20000,-20.9065,finite,Release,Linux-6.18.44-x86_64-with-glibc2.41
experimental,96000,384000,10000,0.8,20000,-37.6321,finite,Release,Linux-6.18.44-x86_64-with-glibc2.41
legacy,96000,384000,10000,1,5000,3.58698,finite,Release,Linux-6.18.44-x86_64-with-glibc2.41
experimental,96000,384000,10000,1,5000,-14.1528,finite,Release,Linux-6.18.44-x86_64-with-glibc2.41
legacy,96000,384000,10000,1,10000,9.03316,finite,Release,Linux-6.18.44-x86_64-with-glibc2.41
experimental,96000,384000,10000,1,10000,-6.2059,finite,Release,Linux-6.18.44-x86_64-with-glibc2.41
legacy,96000,384000,10000,1,20000,-20.7673,finite,Release,Linux-6.18.44-x86_64-with-glibc2.41
experimental,96000,384000,10000,1,20000,-33.3589,finite,Release,Linux-6.18.44-x86_64-with-glibc2.41
