model,host_rate,internal_rate,cutoff_mode,samples,elapsed_seconds,ns_per_sample,finite_output,build_type,environment
legacy,44100,176400,static,65536,0.0118101,180.208,finite,Debug,Linux-6.18.44-x86_64-with-glibc2.41
experimental,44100,176400,static,65536,0.0125404,191.351,finite,Debug,Linux-6.18.44-x86_64-with-glibc2.41
legacy,44100,176400,modulated,65536,0.0115618,176.42,finite,Debug,Linux-6.18.44-x86_64-with-glibc2.41
experimental,44100,176400,modulated,65536,0.0145702,222.324,finite,Debug,Linux-6.18.44-x86_64-with-glibc2.41
legacy,48000,192000,static,65536,0.0117126,178.721,finite,Debug,Linux-6.18.44-x86_64-with-glibc2.41
experimental,48000,192000,static,65536,0.0128298,195.767,finite,Debug,Linux-6.18.44-x86_64-with-glibc2.41
legacy,48000,192000,modulated,65536,0.0118853,181.355,finite,Debug,Linux-6.18.44-x86_64-with-glibc2.41
experimental,48000,192000,modulated,65536,0.0138382,211.153,finite,Debug,Linux-6.18.44-x86_64-with-glibc2.41
legacy,96000,384000,static,65536,0.0115418,176.114,finite,Debug,Linux-6.18.44-x86_64-with-glibc2.41
experimental,96000,384000,static,65536,0.0131506,200.662,finite,Debug,Linux-6.18.44-x86_64-with-glibc2.41
legacy,96000,384000,modulated,65536,0.0107591,164.171,finite,Debug,Linux-6.18.44-x86_64-with-glibc2.41
experimental,96000,384000,modulated,65536,0.0139384,212.684,finite,Debug,Linux-6.18.44-x86_64-with-glibc2.41
legacy,44100,176400,static,65536,0.00298054,45.4795,finite,Release,Linux-6.18.44-x86_64-with-glibc2.41
experimental,44100,176400,static,65536,0.00399938,61.0257,finite,Release,Linux-6.18.44-x86_64-with-glibc2.41
legacy,44100,176400,modulated,65536,0.00389127,59.3761,finite,Release,Linux-6.18.44-x86_64-with-glibc2.41
experimental,44100,176400,modulated,65536,0.00395406,60.3342,finite,Release,Linux-6.18.44-x86_64-with-glibc2.41
legacy,48000,192000,static,65536,0.00272139,41.5251,finite,Release,Linux-6.18.44-x86_64-with-glibc2.41
experimental,48000,192000,static,65536,0.00410045,62.5679,finite,Release,Linux-6.18.44-x86_64-with-glibc2.41
legacy,48000,192000,modulated,65536,0.00400195,61.065,finite,Release,Linux-6.18.44-x86_64-with-glibc2.41
experimental,48000,192000,modulated,65536,0.00407333,62.1541,finite,Release,Linux-6.18.44-x86_64-with-glibc2.41
legacy,96000,384000,static,65536,0.00269171,41.0722,finite,Release,Linux-6.18.44-x86_64-with-glibc2.41
experimental,96000,384000,static,65536,0.00371042,56.6166,finite,Release,Linux-6.18.44-x86_64-with-glibc2.41
legacy,96000,384000,modulated,65536,0.00375727,57.3313,finite,Release,Linux-6.18.44-x86_64-with-glibc2.41
experimental,96000,384000,modulated,65536,0.00387563,59.1374,finite,Release,Linux-6.18.44-x86_64-with-glibc2.41
