model,host_rate,internal_rate,cutoff_hz,resonance,input_peak,fundamental_hz,harmonic,relative_db,build_type,environment
legacy,44100,176400,1000,0.4,0.05,441.431,1,0,Debug,Linux-6.18.44-x86_64-with-glibc2.41
legacy,44100,176400,1000,0.4,0.05,441.431,2,-300,Debug,Linux-6.18.44-x86_64-with-glibc2.41
legacy,44100,176400,1000,0.4,0.05,441.431,3,-90.6738,Debug,Linux-6.18.44-x86_64-with-glibc2.41
legacy,44100,176400,1000,0.4,0.05,441.431,4,-300,Debug,Linux-6.18.44-x86_64-with-glibc2.41
legacy,44100,176400,1000,0.4,0.05,441.431,5,-158.308,Debug,Linux-6.18.44-x86_64-with-glibc2.41
legacy,44100,176400,1000,0.4,0.05,441.431,6,-300,Debug,Linux-6.18.44-x86_64-with-glibc2.41
legacy,44100,176400,1000,0.4,0.05,441.431,7,-159.35,Debug,Linux-6.18.44-x86_64-with-glibc2.41
legacy,44100,176400,1000,0.4,0.05,441.431,8,-300,Debug,Linux-6.18.44-x86_64-with-glibc2.41
experimental,44100,176400,1000,0.4,0.05,441.431,1,0,Debug,Linux-6.18.44-x86_64-with-glibc2.41
experimental,44100,176400,1000,0.4,0.05,441.431,2,-174.95,Debug,Linux-6.18.44-x86_64-with-glibc2.41
experimental,44100,176400,1000,0.4,0.05,441.431,3,-78.6561,Debug,Linux-6.18.44-x86_64-with-glibc2.41
experimental,44100,176400,1000,0.4,0.05,441.431,4,-179.148,Debug,Linux-6.18.44-x86_64-with-glibc2.41
experimental,44100,176400,1000,0.4,0.05,441.431,5,-160.434,Debug,Linux-6.18.44-x86_64-with-glibc2.41
experimental,44100,176400,1000,0.4,0.05,441.431,6,-183.453,Debug,Linux-6.18.44-x86_64-with-glibc2.41
experimental,44100,176400,1000,0.4,0.05,441.431,7,-173.133,Debug,Linux-6.18.44-x86_64-with-glibc2.41
experimental,44100,176400,1000,0.4,0.05,441.431,8,-204.316,Debug,Linux-6.18.44-x86_64-with-glibc2.41
legacy,44100,176400,1000,0.4,0.5,441.431,1,0,Debug,Linux-6.18.44-x86_64-with-glibc2.41
legacy,44100,176400,1000,0.4,0.5,441.431,2,-300,Debug,Linux-6.18.44-x86_64-with-glibc2.41
legacy,44100,176400,1000,0.4,0.5,441.431,3,-49.8302,Debug,Linux-6.18.44-x86_64-with-glibc2.41
legacy,44100,176400,1000,0.4,0.5,441.431,4,-300,Debug,Linux-6.18.44-x86_64-with-glibc2.41
legacy,44100,176400,1000,0.4,0.5,441.431,5,-84.1837,Debug,Linux-6.18.44-x86_64-with-glibc2.41
legacy,44100,176400,1000,0.4,0.5,441.431,6,-300,Debug,Linux-6.18.44-x86_64-with-glibc2.41
legacy,44100,176400,1000,0.4,0.5,441.431,7,-116.443,Debug,Linux-6.18.44-x86_64-with-glibc2.41
legacy,44100,176400,1000,0.4,0.5,441.431,8,-300,Debug,Linux-6.18.44-x86_64-with-glibc2.41
experimental,44100,176400,1000,0.4,0.5,441.431,1,0,Debug,Linux-6.18.44-x86_64-with-glibc2.41
experimental,44100,176400,1000,0.4,0.5,441.431,2,-300,Debug,Linux-6.18.44-x86_64-with-glibc2.41
experimental,44100,176400,1000,0.4,0.5,441.431,3,-39.0614,Debug,Linux-6.18.44-x86_64-with-glibc2.41
experimental,44100,176400,1000,0.4,0.5,441.431,4,-300,Debug,Linux-6.18.44-x86_64-with-glibc2.41
experimental,44100,176400,1000,0.4,0.5,441.431,5,-83.8259,Debug,Linux-6.18.44-x86_64-with-glibc2.41
experimental,44100,176400,1000,0.4,0.5,441.431,6,-300,Debug,Linux-6.18.44-x86_64-with-glibc2.41
experimental,44100,176400,1000,0.4,0.5,441.431,7,-121.764,Debug,Linux-6.18.44-x86_64-with-glibc2.41
experimental,44100,176400,1000,0.4,0.5,441.431,8,-300,Debug,Linux-6.18.44-x86_64-with-glibc2.41
legacy,44100,176400,1000,0.8,0.05,441.431,1,0,Debug,Linux-6.18.44-x86_64-with-glibc2.41
legacy,44100,176400,1000,0.8,0.05,441.431,2,-300,Debug,Linux-6.18.44-x86_64-with-glibc2.41
legacy,44100,176400,1000,0.8,0.05,441.431,3,-81.7605,Debug,Linux-6.18.44-x86_64-with-glibc2.41
legacy,44100,176400,1000,0.8,0.05,441.431,4,-300,Debug,Linux-6.18.44-x86_64-with-glibc2.41
legacy,44100,176400,1000,0.8,0.05,441.431,5,-158.095,Debug,Linux-6.18.44-x86_64-with-glibc2.41
legacy,44100,176400,1000,0.8,0.05,441.431,6,-300,Debug,Linux-6.18.44-x86_64-with-glibc2.41
legacy,44100,176400,1000,0.8,0.05,441.431,7,-171.554,Debug,Linux-6.18.44-x86_64-with-glibc2.41
legacy,44100,176400,1000,0.8,0.05,441.431,8,-300,Debug,Linux-6.18.44-x86_64-with-glibc2.41
experimental,44100,176400,1000,0.8,0.05,441.431,1,0,Debug,Linux-6.18.44-x86_64-with-glibc2.41
experimental,44100,176400,1000,0.8,0.05,441.431,2,-20.5732,Debug,Linux-6.18.44-x86_64-with-glibc2.41
experimental,44100,176400,1000,0.8,0.05,441.431,3,-31.9112,Debug,Linux-6.18.44-x86_64-with-glibc2.41
experimental,44100,176400,1000,0.8,0.05,441.431,4,-40.651,Debug,Linux-6.18.44-x86_64-with-glibc2.41
experimental,44100,176400,1000,0.8,0.05,441.431,5,-45.4665,Debug,Linux-6.18.44-x86_64-with-glibc2.41
experimental,44100,176400,1000,0.8,0.05,441.431,6,-48.9528,Debug,Linux-6.18.44-x86_64-with-glibc2.41
experimental,44100,176400,1000,0.8,0.05,441.431,7,-49.4832,Debug,Linux-6.18.44-x86_64-with-glibc2.41
experimental,44100,176400,1000,0.8,0.05,441.431,8,-52.8958,Debug,Linux-6.18.44-x86_64-with-glibc2.41
legacy,44100,176400,1000,0.8,0.5,441.431,1,0,Debug,Linux-6.18.44-x86_64-with-glibc2.41
legacy,44100,176400,1000,0.8,0.5,441.431,2,-300,Debug,Linux-6.18.44-x86_64-with-glibc2.41
legacy,44100,176400,1000,0.8,0.5,441.431,3,-41.919,Debug,Linux-6.18.44-x86_64-with-glibc2.41
legacy,44100,176400,1000,0.8,0.5,441.431,4,-300,Debug,Linux-6.18.44-x86_64-with-glibc2.41
legacy,44100,176400,1000,0.8,0.5,441.431,5,-70.4101,Debug,Linux-6.18.44-x86_64-with-glibc2.41
legacy,44100,176400,1000,0.8,0.5,441.431,6,-300,Debug,Linux-6.18.44-x86_64-with-glibc2.41
legacy,44100,176400,1000,0.8,0.5,441.431,7,-101.308,Debug,Linux-6.18.44-x86_64-with-glibc2.41
legacy,44100,176400,1000,0.8,0.5,441.431,8,-300,Debug,Linux-6.18.44-x86_64-with-glibc2.41
experimental,44100,176400,1000,0.8,0.5,441.431,1,0,Debug,Linux-6.18.44-x86_64-with-glibc2.41
experimental,44100,176400,1000,0.8,0.5,441.431,2,-25.7553,Debug,Linux-6.18.44-x86_64-with-glibc2.41
experimental,44100,176400,1000,0.8,0.5,441.431,3,-40.9084,Debug,Linux-6.18.44-x86_64-with-glibc2.41
experimental,44100,176400,1000,0.8,0.5,441.431,4,-45.2977,Debug,Linux-6.18.44-x86_64-with-glibc2.41
experimental,44100,176400,1000,0.8,0.5,441.431,5,-50.1743,Debug,Linux-6.18.44-x86_64-with-glibc2.41
experimental,44100,176400,1000,0.8,0.5,441.431,6,-55.6264,Debug,Linux-6.18.44-x86_64-with-glibc2.41
experimental,44100,176400,1000,0.8,0.5,441.431,7,-57.3817,Debug,Linux-6.18.44-x86_64-with-glibc2.41
experimental,44100,176400,1000,0.8,0.5,441.431,8,-60.0978,Debug,Linux-6.18.44-x86_64-with-glibc2.41
legacy,44100,176400,1000,1,0.05,441.431,1,0,Debug,Linux-6.18.44-x86_64-with-glibc2.41
legacy,44100,176400,1000,1,0.05,441.431,2,-300,Debug,Linux-6.18.44-x86_64-with-glibc2.41
legacy,44100,176400,1000,1,0.05,441.431,3,-78.3717,Debug,Linux-6.18.44-x86_64-with-glibc2.41
legacy,44100,176400,1000,1,0.05,441.431,4,-300,Debug,Linux-6.18.44-x86_64-with-glibc2.41
legacy,44100,176400,1000,1,0.05,441.431,5,-151.961,Debug,Linux-6.18.44-x86_64-with-glibc2.41
legacy,44100,176400,1000,1,0.05,441.431,6,-300,Debug,Linux-6.18.44-x86_64-with-glibc2.41
legacy,44100,176400,1000,1,0.05,441.431,7,-156.455,Debug,Linux-6.18.44-x86_64-with-glibc2.41
legacy,44100,176400,1000,1,0.05,441.431,8,-300,Debug,Linux-6.18.44-x86_64-with-glibc2.41
experimental,44100,176400,1000,1,0.05,441.431,1,0,Debug,Linux-6.18.44-x86_64-with-glibc2.41
experimental,44100,176400,1000,1,0.05,441.431,2,-13.0263,Debug,Linux-6.18.44-x86_64-with-glibc2.41
experimental,44100,176400,1000,1,0.05,441.431,3,-24.6562,Debug,Linux-6.18.44-x86_64-with-glibc2.41
experimental,44100,176400,1000,1,0.05,441.431,4,-33.7601,Debug,Linux-6.18.44-x86_64-with-glibc2.41
experimental,44100,176400,1000,1,0.05,441.431,5,-39.0005,Debug,Linux-6.18.44-x86_64-with-glibc2.41
experimental,44100,176400,1000,1,0.05,441.431,6,-43.033,Debug,Linux-6.18.44-x86_64-with-glibc2.41
experimental,44100,176400,1000,1,0.05,441.431,7,-43.1311,Debug,Linux-6.18.44-x86_64-with-glibc2.41
experimental,44100,176400,1000,1,0.05,441.431,8,-47.3708,Debug,Linux-6.18.44-x86_64-with-glibc2.41
legacy,44100,176400,1000,1,0.5,441.431,1,0,Debug,Linux-6.18.44-x86_64-with-glibc2.41
legacy,44100,176400,1000,1,0.5,441.431,2,-300,Debug,Linux-6.18.44-x86_64-with-glibc2.41
legacy,44100,176400,1000,1,0.5,441.431,3,-38.9755,Debug,Linux-6.18.44-x86_64-with-glibc2.41
legacy,44100,176400,1000,1,0.5,441.431,4,-300,Debug,Linux-6.18.44-x86_64-with-glibc2.41
legacy,44100,176400,1000,1,0.5,441.431,5,-65.5233,Debug,Linux-6.18.44-x86_64-with-glibc2.41
legacy,44100,176400,1000,1,0.5,441.431,6,-300,Debug,Linux-6.18.44-x86_64-with-glibc2.41
legacy,44100,176400,1000,1,0.5,441.431,7,-93.2806,Debug,Linux-6.18.44-x86_64-with-glibc2.41
legacy,44100,176400,1000,1,0.5,441.431,8,-300,Debug,Linux-6.18.44-x86_64-with-glibc2.41
experimental,44100,176400,1000,1,0.5,441.431,1,0,Debug,Linux-6.18.44-x86_64-with-glibc2.41
experimental,44100,176400,1000,1,0.5,441.431,2,-21.9895,Debug,Linux-6.18.44-x86_64-with-glibc2.41
experimental,44100,176400,1000,1,0.5,441.431,3,-34.9597,Debug,Linux-6.18.44-x86_64-with-glibc2.41
experimental,44100,176400,1000,1,0.5,441.431,4,-40.4725,Debug,Linux-6.18.44-x86_64-with-glibc2.41
experimental,44100,176400,1000,1,0.5,441.431,5,-45.0003,Debug,Linux-6.18.44-x86_64-with-glibc2.41
experimental,44100,176400,1000,1,0.5,441.431,6,-49.5443,Debug,Linux-6.18.44-x86_64-with-glibc2.41
experimental,44100,176400,1000,1,0.5,441.431,7,-50.8051,Debug,Linux-6.18.44-x86_64-with-glibc2.41
experimental,44100,176400,1000,1,0.5,441.431,8,-53.386,Debug,Linux-6.18.44-x86_64-with-glibc2.41
legacy,48000,192000,1000,0.4,0.05,439.453,1,0,Debug,Linux-6.18.44-x86_64-with-glibc2.41
legacy,48000,192000,1000,0.4,0.05,439.453,2,-40.7345,Debug,Linux-6.18.44-x86_64-with-glibc2.41
legacy,48000,192000,1000,0.4,0.05,439.453,3,-90.701,Debug,Linux-6.18.44-x86_64-with-glibc2.41
legacy,48000,192000,1000,0.4,0.05,439.453,4,-49.2931,Debug,Linux-6.18.44-x86_64-with-glibc2.41
legacy,48000,192000,1000,0.4,0.05,439.453,5,-161.819,Debug,Linux-6.18.44-x86_64-with-glibc2.41
legacy,48000,192000,1000,0.4,0.05,439.453,6,-53.2505,Debug,Linux-6.18.44-x86_64-with-glibc2.41
legacy,48000,192000,1000,0.4,0.05,439.453,7,-160.594,Debug,Linux-6.18.44-x86_64-with-glibc2.41
legacy,48000,192000,1000,0.4,0.05,439.453,8,-55.8983,Debug,Linux-6.18.44-x86_64-with-glibc2.41
experimental,48000,192000,1000,0.4,0.05,439.453,1,0,Debug,Linux-6.18.44-x86_64-with-glibc2.41
experimental,48000,192000,1000,0.4,0.05,439.453,2,-42.4715,Debug,Linux-6.18.44-x86_64-with-glibc2.41
experimental,48000,192000,1000,0.4,0.05,439.453,3,-78.4666,Debug,Linux-6.18.44-x86_64-with-glibc2.41
experimental,48000,192000,1000,0.4,0.05,439.453,4,-52.0771,Debug,Linux-6.18.44-x86_64-with-glibc2.41
experimental,48000,192000,1000,0.4,0.05,439.453,5,-164.337,Debug,Linux-6.18.44-x86_64-with-glibc2.41
experimental,48000,192000,1000,0.4,0.05,439.453,6,-56.3014,Debug,Linux-6.18.44-x86_64-with-glibc2.41
experimental,48000,192000,1000,0.4,0.05,439.453,7,-197.682,Debug,Linux-6.18.44-x86_64-with-glibc2.41
experimental,48000,192000,1000,0.4,0.05,439.453,8,-59.0503,Debug,Linux-6.18.44-x86_64-with-glibc2.41
legacy,48000,192000,1000,0.4,0.5,439.453,1,0,Debug,Linux-6.18.44-x86_64-with-glibc2.41
legacy,48000,192000,1000,0.4,0.5,439.453,2,-40.7354,Debug,Linux-6.18.44-x86_64-with-glibc2.41
legacy,48000,192000,1000,0.4,0.5,439.453,3,-49.8631,Debug,Linux-6.18.44-x86_64-with-glibc2.41
legacy,48000,192000,1000,0.4,0.5,439.453,4,-49.2561,Debug,Linux-6.18.44-x86_64-with-glibc2.41
legacy,48000,192000,1000,0.4,0.5,439.453,5,-84.2573,Debug,Linux-6.18.44-x86_64-with-glibc2.41
legacy,48000,192000,1000,0.4,0.5,439.453,6,-53.2267,Debug,Linux-6.18.44-x86_64-with-glibc2.41
legacy,48000,192000,1000,0.4,0.5,439.453,7,-116.767,Debug,Linux-6.18.44-x86_64-with-glibc2.41
legacy,48000,192000,1000,0.4,0.5,439.453,8,-55.875,Debug,Linux-6.18.44-x86_64-with-glibc2.41
experimental,48000,192000,1000,0.4,0.5,439.453,1,0,Debug,Linux-6.18.44-x86_64-with-glibc2.41
experimental,48000,192000,1000,0.4,0.5,439.453,2,-42.2303,Debug,Linux-6.18.44-x86_64-with-glibc2.41
experimental,48000,192000,1000,0.4,0.5,439.453,3,-38.8839,Debug,Linux-6.18.44-x86_64-with-glibc2.41
experimental,48000,192000,1000,0.4,0.5,439.453,4,-51.6081,Debug,Linux-6.18.44-x86_64-with-glibc2.41
experimental,48000,192000,1000,0.4,0.5,439.453,5,-83.6392,Debug,Linux-6.18.44-x86_64-with-glibc2.41
experimental,48000,192000,1000,0.4,0.5,439.453,6,-55.7885,Debug,Linux-6.18.44-x86_64-with-glibc2.41
experimental,48000,192000,1000,0.4,0.5,439.453,7,-121.57,Debug,Linux-6.18.44-x86_64-with-glibc2.41
experimental,48000,192000,1000,0.4,0.5,439.453,8,-58.518,Debug,Linux-6.18.44-x86_64-with-glibc2.41
legacy,48000,192000,1000,0.8,0.05,439.453,1,0,Debug,Linux-6.18.44-x86_64-with-glibc2.41
legacy,48000,192000,1000,0.8,0.05,439.453,2,-41.4918,Debug,Linux-6.18.44-x86_64-with-glibc2.41
legacy,48000,192000,1000,0.8,0.05,439.453,3,-81.8062,Debug,Linux-6.18.44-x86_64-with-glibc2.41
legacy,48000,192000,1000,0.8,0.05,439.453,4,-50.4249,Debug,Linux-6.18.44-x86_64-with-glibc2.41
legacy,48000,192000,1000,0.8,0.05,439.453,5,-155.464,Debug,Linux-6.18.44-x86_64-with-glibc2.41
legacy,48000,192000,1000,0.8,0.05,439.453,6,-54.4694,Debug,Linux-6.18.44-x86_64-with-glibc2.41
legacy,48000,192000,1000,0.8,0.05,439.453,7,-164.166,Debug,Linux-6.18.44-x86_64-with-glibc2.41
legacy,48000,192000,1000,0.8,0.05,439.453,8,-57.1492,Debug,Linux-6.18.44-x86_64-with-glibc2.41
experimental,48000,192000,1000,0.8,0.05,439.453,1,0,Debug,Linux-6.18.44-x86_64-with-glibc2.41
experimental,48000,192000,1000,0.8,0.05,439.453,2,-0.274576,Debug,Linux-6.18.44-x86_64-with-glibc2.41
experimental,48000,192000,1000,0.8,0.05,439.453,3,-23.3713,Debug,Linux-6.18.44-x86_64-with-glibc2.41
experimental,48000,192000,1000,0.8,0.05,439.453,4,-15.6107,Debug,Linux-6.18.44-x86_64-with-glibc2.41
experimental,48000,192000,1000,0.8,0.05,439.453,5,-35.0992,Debug,Linux-6.18.44-x86_64-with-glibc2.41
experimental,48000,192000,1000,0.8,0.05,439.453,6,-21.328,Debug,Linux-6.18.44-x86_64-with-glibc2.41
experimental,48000,192000,1000,0.8,0.05,439.453,7,-39.3741,Debug,Linux-6.18.44-x86_64-with-glibc2.41
experimental,48000,192000,1000,0.8,0.05,439.453,8,-24.699,Debug,Linux-6.18.44-x86_64-with-glibc2.41
legacy,48000,192000,1000,0.8,0.5,439.453,1,0,Debug,Linux-6.18.44-x86_64-with-glibc2.41
legacy,48000,192000,1000,0.8,0.5,439.453,2,-41.5116,Debug,Linux-6.18.44-x86_64-with-glibc2.41
legacy,48000,192000,1000,0.8,0.5,439.453,3,-41.959,Debug,Linux-6.18.44-x86_64-with-glibc2.41
legacy,48000,192000,1000,0.8,0.5,439.453,4,-50.2591,Debug,Linux-6.18.44-x86_64-with-glibc2.41
legacy,48000,192000,1000,0.8,0.5,439.453,5,-70.497,Debug,Linux-6.18.44-x86_64-with-glibc2.41
legacy,48000,192000,1000,0.8,0.5,439.453,6,-54.3637,Debug,Linux-6.18.44-x86_64-with-glibc2.41
legacy,48000,192000,1000,0.8,0.5,439.453,7,-101.481,Debug,Linux-6.18.44-x86_64-with-glibc2.41
legacy,48000,192000,1000,0.8,0.5,439.453,8,-57.05,Debug,Linux-6.18.44-x86_64-with-glibc2.41
experimental,48000,192000,1000,0.8,0.5,439.453,1,0,Debug,Linux-6.18.44-x86_64-with-glibc2.41
experimental,48000,192000,1000,0.8,0.5,439.453,2,-19.7025,Debug,Linux-6.18.44-x86_64-with-glibc2.41
experimental,48000,192000,1000,0.8,0.5,439.453,3,-42.3907,Debug,Linux-6.18.44-x86_64-with-glibc2.41
experimental,48000,192000,1000,0.8,0.5,439.453,4,-39.9941,Debug,Linux-6.18.44-x86_64-with-glibc2.41
experimental,48000,192000,1000,0.8,0.5,439.453,5,-51.2272,Debug,Linux-6.18.44-x86_64-with-glibc2.41
experimental,48000,192000,1000,0.8,0.5,439.453,6,-48.107,Debug,Linux-6.18.44-x86_64-with-glibc2.41
experimental,48000,192000,1000,0.8,0.5,439.453,7,-56.488,Debug,Linux-6.18.44-x86_64-with-glibc2.41
experimental,48000,192000,1000,0.8,0.5,439.453,8,-52.8273,Debug,Linux-6.18.44-x86_64-with-glibc2.41
legacy,48000,192000,1000,1,0.05,439.453,1,0,Debug,Linux-6.18.44-x86_64-with-glibc2.41
legacy,48000,192000,1000,1,0.05,439.453,2,-41.7348,Debug,Linux-6.18.44-x86_64-with-glibc2.41
legacy,48000,192000,1000,1,0.05,439.453,3,-78.4208,Debug,Linux-6.18.44-x86_64-with-glibc2.41
legacy,48000,192000,1000,1,0.05,439.453,4,-50.8103,Debug,Linux-6.18.44-x86_64-with-glibc2.41
legacy,48000,192000,1000,1,0.05,439.453,5,-149.773,Debug,Linux-6.18.44-x86_64-with-glibc2.41
legacy,48000,192000,1000,1,0.05,439.453,6,-54.8909,Debug,Linux-6.18.44-x86_64-with-glibc2.41
legacy,48000,192000,1000,1,0.05,439.453,7,-164.791,Debug,Linux-6.18.44-x86_64-with-glibc2.41
legacy,48000,192000,1000,1,0.05,439.453,8,-57.5841,Debug,Linux-6.18.44-x86_64-with-glibc2.41
experimental,48000,192000,1000,1,0.05,439.453,1,0,Debug,Linux-6.18.44-x86_64-with-glibc2.41
experimental,48000,192000,1000,1,0.05,439.453,2,3.22504,Debug,Linux-6.18.44-x86_64-with-glibc2.41
experimental,48000,192000,1000,1,0.05,439.453,3,-22.0825,Debug,Linux-6.18.44-x86_64-with-glibc2.41
experimental,48000,192000,1000,1,0.05,439.453,4,-13.1505,Debug,Linux-6.18.44-x86_64-with-glibc2.41
experimental,48000,192000,1000,1,0.05,439.453,5,-32.9934,Debug,Linux-6.18.44-x86_64-with-glibc2.41
experimental,48000,192000,1000,1,0.05,439.453,6,-19.1402,Debug,Linux-6.18.44-x86_64-with-glibc2.41
experimental,48000,192000,1000,1,0.05,439.453,7,-37.7154,Debug,Linux-6.18.44-x86_64-with-glibc2.41
experimental,48000,192000,1000,1,0.05,439.453,8,-22.753,Debug,Linux-6.18.44-x86_64-with-glibc2.41
legacy,48000,192000,1000,1,0.5,439.453,1,0,Debug,Linux-6.18.44-x86_64-with-glibc2.41
legacy,48000,192000,1000,1,0.5,439.453,2,-41.7709,Debug,Linux-6.18.44-x86_64-with-glibc2.41
legacy,48000,192000,1000,1,0.5,439.453,3,-39.0159,Debug,Linux-6.18.44-x86_64-with-glibc2.41
legacy,48000,192000,1000,1,0.5,439.453,4,-50.5492,Debug,Linux-6.18.44-x86_64-with-glibc2.41
legacy,48000,192000,1000,1,0.5,439.453,5,-65.6116,Debug,Linux-6.18.44-x86_64-with-glibc2.41
legacy,48000,192000,1000,1,0.5,439.453,6,-54.7222,Debug,Linux-6.18.44-x86_64-with-glibc2.41
legacy,48000,192000,1000,1,0.5,439.453,7,-93.4285,Debug,Linux-6.18.44-x86_64-with-glibc2.41
legacy,48000,192000,1000,1,0.5,439.453,8,-57.428,Debug,Linux-6.18.44-x86_64-with-glibc2.41
experimental,48000,192000,1000,1,0.5,439.453,1,0,Debug,Linux-6.18.44-x86_64-with-glibc2.41
experimental,48000,192000,1000,1,0.5,439.453,2,-16.1547,Debug,Linux-6.18.44-x86_64-with-glibc2.41
experimental,48000,192000,1000,1,0.5,439.453,3,-38.3112,Debug,Linux-6.18.44-x86_64-with-glibc2.41
experimental,48000,192000,1000,1,0.5,439.453,4,-36.6827,Debug,Linux-6.18.44-x86_64-with-glibc2.41
experimental,48000,192000,1000,1,0.5,439.453,5,-46.732,Debug,Linux-6.18.44-x86_64-with-glibc2.41
experimental,48000,192000,1000,1,0.5,439.453,6,-45.953,Debug,Linux-6.18.44-x86_64-with-glibc2.41
experimental,48000,192000,1000,1,0.5,439.453,7,-51.9915,Debug,Linux-6.18.44-x86_64-with-glibc2.41
experimental,48000,192000,1000,1,0.5,439.453,8,-54.9682,Debug,Linux-6.18.44-x86_64-with-glibc2.41
legacy,96000,384000,1000,0.4,0.05,445.312,1,0,Debug,Linux-6.18.44-x86_64-with-glibc2.41
legacy,96000,384000,1000,0.4,0.05,445.312,2,-300,Debug,Linux-6.18.44-x86_64-with-glibc2.41
legacy,96000,384000,1000,0.4,0.05,445.312,3,-90.5795,Debug,Linux-6.18.44-x86_64-with-glibc2.41
legacy,96000,384000,1000,0.4,0.05,445.312,4,-300,Debug,Linux-6.18.44-x86_64-with-glibc2.41
legacy,96000,384000,1000,0.4,0.05,445.312,5,-154.314,Debug,Linux-6.18.44-x86_64-with-glibc2.41
legacy,96000,384000,1000,0.4,0.05,445.312,6,-300,Debug,Linux-6.18.44-x86_64-with-glibc2.41
legacy,96000,384000,1000,0.4,0.05,445.312,7,-149.664,Debug,Linux-6.18.44-x86_64-with-glibc2.41
legacy,96000,384000,1000,0.4,0.05,445.312,8,-299.348,Debug,Linux-6.18.44-x86_64-with-glibc2.41
experimental,96000,384000,1000,0.4,0.05,445.312,1,0,Debug,Linux-6.18.44-x86_64-with-glibc2.41
experimental,96000,384000,1000,0.4,0.05,445.312,2,-111.036,Debug,Linux-6.18.44-x86_64-with-glibc2.41
experimental,96000,384000,1000,0.4,0.05,445.312,3,-78.9554,Debug,Linux-6.18.44-x86_64-with-glibc2.41
experimental,96000,384000,1000,0.4,0.05,445.312,4,-130.977,Debug,Linux-6.18.44-x86_64-with-glibc2.41
experimental,96000,384000,1000,0.4,0.05,445.312,5,-133.499,Debug,Linux-6.18.44-x86_64-with-glibc2.41
experimental,96000,384000,1000,0.4,0.05,445.312,6,-136.55,Debug,Linux-6.18.44-x86_64-with-glibc2.41
experimental,96000,384000,1000,0.4,0.05,445.312,7,-139.755,Debug,Linux-6.18.44-x86_64-with-glibc2.41
experimental,96000,384000,1000,0.4,0.05,445.312,8,-140.944,Debug,Linux-6.18.44-x86_64-with-glibc2.41
legacy,96000,384000,1000,0.4,0.5,445.312,1,0,Debug,Linux-6.18.44-x86_64-with-glibc2.41
legacy,96000,384000,1000,0.4,0.5,445.312,2,-216.898,Debug,Linux-6.18.44-x86_64-with-glibc2.41
legacy,96000,384000,1000,0.4,0.5,445.312,3,-49.7645,Debug,Linux-6.18.44-x86_64-with-glibc2.41
legacy,96000,384000,1000,0.4,0.5,445.312,4,-214.999,Debug,Linux-6.18.44-x86_64-with-glibc2.41
legacy,96000,384000,1000,0.4,0.5,445.312,5,-84.0174,Debug,Linux-6.18.44-x86_64-with-glibc2.41
legacy,96000,384000,1000,0.4,0.5,445.312,6,-218.955,Debug,Linux-6.18.44-x86_64-with-glibc2.41
legacy,96000,384000,1000,0.4,0.5,445.312,7,-116.211,Debug,Linux-6.18.44-x86_64-with-glibc2.41
legacy,96000,384000,1000,0.4,0.5,445.312,8,-212.246,Debug,Linux-6.18.44-x86_64-with-glibc2.41
experimental,96000,384000,1000,0.4,0.5,445.312,1,0,Debug,Linux-6.18.44-x86_64-with-glibc2.41
experimental,96000,384000,1000,0.4,0.5,445.312,2,-154.971,Debug,Linux-6.18.44-x86_64-with-glibc2.41
experimental,96000,384000,1000,0.4,0.5,445.312,3,-39.3476,Debug,Linux-6.18.44-x86_64-with-glibc2.41
experimental,96000,384000,1000,0.4,0.5,445.312,4,-168.808,Debug,Linux-6.18.44-x86_64-with-glibc2.41
experimental,96000,384000,1000,0.4,0.5,445.312,5,-84.1301,Debug,Linux-6.18.44-x86_64-with-glibc2.41
experimental,96000,384000,1000,0.4,0.5,445.312,6,-173.783,Debug,Linux-6.18.44-x86_64-with-glibc2.41
experimental,96000,384000,1000,0.4,0.5,445.312,7,-122.293,Debug,Linux-6.18.44-x86_64-with-glibc2.41
experimental,96000,384000,1000,0.4,0.5,445.312,8,-174.244,Debug,Linux-6.18.44-x86_64-with-glibc2.41
legacy,96000,384000,1000,0.8,0.05,445.312,1,0,Debug,Linux-6.18.44-x86_64-with-glibc2.41
legacy,96000,384000,1000,0.8,0.05,445.312,2,-300,Debug,Linux-6.18.44-x86_64-with-glibc2.41
legacy,96000,384000,1000,0.8,0.05,445.312,3,-81.6682,Debug,Linux-6.18.44-x86_64-with-glibc2.41
legacy,96000,384000,1000,0.8,0.05,445.312,4,-300,Debug,Linux-6.18.44-x86_64-with-glibc2.41
legacy,96000,384000,1000,0.8,0.05,445.312,5,-150.035,Debug,Linux-6.18.44-x86_64-with-glibc2.41
legacy,96000,384000,1000,0.8,0.05,445.312,6,-300,Debug,Linux-6.18.44-x86_64-with-glibc2.41
legacy,96000,384000,1000,0.8,0.05,445.312,7,-153.076,Debug,Linux-6.18.44-x86_64-with-glibc2.41
legacy,96000,384000,1000,0.8,0.05,445.312,8,-299.925,Debug,Linux-6.18.44-x86_64-with-glibc2.41
experimental,96000,384000,1000,0.8,0.05,445.312,1,0,Debug,Linux-6.18.44-x86_64-with-glibc2.41
experimental,96000,384000,1000,0.8,0.05,445.312,2,9.50656,Debug,Linux-6.18.44-x86_64-with-glibc2.41
experimental,96000,384000,1000,0.8,0.05,445.312,3,0.697742,Debug,Linux-6.18.44-x86_64-with-glibc2.41
experimental,96000,384000,1000,0.8,0.05,445.312,4,-5.65997,Debug,Linux-6.18.44-x86_64-with-glibc2.41
experimental,96000,384000,1000,0.8,0.05,445.312,5,-8.96941,Debug,Linux-6.18.44-x86_64-with-glibc2.41
experimental,96000,384000,1000,0.8,0.05,445.312,6,-11.2754,Debug,Linux-6.18.44-x86_64-with-glibc2.41
experimental,96000,384000,1000,0.8,0.05,445.312,7,-12.6564,Debug,Linux-6.18.44-x86_64-with-glibc2.41
experimental,96000,384000,1000,0.8,0.05,445.312,8,-14.2356,Debug,Linux-6.18.44-x86_64-with-glibc2.41
legacy,96000,384000,1000,0.8,0.5,445.312,1,0,Debug,Linux-6.18.44-x86_64-with-glibc2.41
legacy,96000,384000,1000,0.8,0.5,445.312,2,-215.632,Debug,Linux-6.18.44-x86_64-with-glibc2.41
legacy,96000,384000,1000,0.8,0.5,445.312,3,-41.8398,Debug,Linux-6.18.44-x86_64-with-glibc2.41
legacy,96000,384000,1000,0.8,0.5,445.312,4,-218.176,Debug,Linux-6.18.44-x86_64-with-glibc2.41
legacy,96000,384000,1000,0.8,0.5,445.312,5,-70.2323,Debug,Linux-6.18.44-x86_64-with-glibc2.41
legacy,96000,384000,1000,0.8,0.5,445.312,6,-222.92,Debug,Linux-6.18.44-x86_64-with-glibc2.41
legacy,96000,384000,1000,0.8,0.5,445.312,7,-100.928,Debug,Linux-6.18.44-x86_64-with-glibc2.41
legacy,96000,384000,1000,0.8,0.5,445.312,8,-216.259,Debug,Linux-6.18.44-x86_64-with-glibc2.41
experimental,96000,384000,1000,0.8,0.5,445.312,1,0,Debug,Linux-6.18.44-x86_64-with-glibc2.41
experimental,96000,384000,1000,0.8,0.5,445.312,2,-14.3697,Debug,Linux-6.18.44-x86_64-with-glibc2.41
experimental,96000,384000,1000,0.8,0.5,445.312,3,-24.4405,Debug,Linux-6.18.44-x86_64-with-glibc2.41
experimental,96000,384000,1000,0.8,0.5,445.312,4,-31.7446,Debug,Linux-6.18.44-x86_64-with-glibc2.41
experimental,96000,384000,1000,0.8,0.5,445.312,5,-35.0959,Debug,Linux-6.18.44-x86_64-with-glibc2.41
experimental,96000,384000,1000,0.8,0.5,445.312,6,-37.8355,Debug,Linux-6.18.44-x86_64-with-glibc2.41
experimental,96000,384000,1000,0.8,0.5,445.312,7,-39.8078,Debug,Linux-6.18.44-x86_64-with-glibc2.41
experimental,96000,384000,1000,0.8,0.5,445.312,8,-41.3448,Debug,Linux-6.18.44-x86_64-with-glibc2.41
legacy,96000,384000,1000,1,0.05,445.312,1,0,Debug,Linux-6.18.44-x86_64-with-glibc2.41
legacy,96000,384000,1000,1,0.05,445.312,2,-300,Debug,Linux-6.18.44-x86_64-with-glibc2.41
legacy,96000,384000,1000,1,0.05,445.312,3,-78.2722,Debug,Linux-6.18.44-x86_64-with-glibc2.41
legacy,96000,384000,1000,1,0.05,445.312,4,-300,Debug,Linux-6.18.44-x86_64-with-glibc2.41
legacy,96000,384000,1000,1,0.05,445.312,5,-148.794,Debug,Linux-6.18.44-x86_64-with-glibc2.41
legacy,96000,384000,1000,1,0.05,445.312,6,-300,Debug,Linux-6.18.44-x86_64-with-glibc2.41
legacy,96000,384000,1000,1,0.05,445.312,7,-149.96,Debug,Linux-6.18.44-x86_64-with-glibc2.41
legacy,96000,384000,1000,1,0.05,445.312,8,-300,Debug,Linux-6.18.44-x86_64-with-glibc2.41
experimental,96000,384000,1000,1,0.05,445.312,1,0,Debug,Linux-6.18.44-x86_64-with-glibc2.41
experimental,96000,384000,1000,1,0.05,445.312,2,12.4141,Debug,Linux-6.18.44-x86_64-with-glibc2.41
experimental,96000,384000,1000,1,0.05,445.312,3,3.82039,Debug,Linux-6.18.44-x86_64-with-glibc2.41
experimental,96000,384000,1000,1,0.05,445.312,4,-2.4547,Debug,Linux-6.18.44-x86_64-with-glibc2.41
experimental,96000,384000,1000,1,0.05,445.312,5,-5.72124,Debug,Linux-6.18.44-x86_64-with-glibc2.41
experimental,96000,384000,1000,1,0.05,445.312,6,-7.99415,Debug,Linux-6.18.44-x86_64-with-glibc2.41
experimental,96000,384000,1000,1,0.05,445.312,7,-9.40275,Debug,Linux-6.18.44-x86_64-with-glibc2.41
experimental,96000,384000,1000,1,0.05,445.312,8,-10.9624,Debug,Linux-6.18.44-x86_64-with-glibc2.41
legacy,96000,384000,1000,1,0.5,445.312,1,0,Debug,Linux-6.18.44-x86_64-with-glibc2.41
legacy,96000,384000,1000,1,0.5,445.312,2,-210.197,Debug,Linux-6.18.44-x86_64-with-glibc2.41
legacy,96000,384000,1000,1,0.5,445.312,3,-38.8951,Debug,Linux-6.18.44-x86_64-with-glibc2.41
legacy,96000,384000,1000,1,0.5,445.312,4,-217.446,Debug,Linux-6.18.44-x86_64-with-glibc2.41
legacy,96000,384000,1000,1,0.5,445.312,5,-65.3442,Debug,Linux-6.18.44-x86_64-with-glibc2.41
legacy,96000,384000,1000,1,0.5,445.312,6,-217.309,Debug,Linux-6.18.44-x86_64-with-glibc2.41
legacy,96000,384000,1000,1,0.5,445.312,7,-92.9627,Debug,Linux-6.18.44-x86_64-with-glibc2.41
legacy,96000,384000,1000,1,0.5,445.312,8,-212.977,Debug,Linux-6.18.44-x86_64-with-glibc2.41
experimental,96000,384000,1000,1,0.5,445.312,1,0,Debug,Linux-6.18.44-x86_64-with-glibc2.41
experimental,96000,384000,1000,1,0.5,445.312,2,-10.2398,Debug,Linux-6.18.44-x86_64-with-glibc2.41
experimental,96000,384000,1000,1,0.5,445.312,3,-21.6752,Debug,Linux-6.18.44-x86_64-with-glibc2.41
experimental,96000,384000,1000,1,0.5,445.312,4,-29.0688,Debug,Linux-6.18.44-x86_64-with-glibc2.41
experimental,96000,384000,1000,1,0.5,445.312,5,-33.0966,Debug,Linux-6.18.44-x86_64-with-glibc2.41
experimental,96000,384000,1000,1,0.5,445.312,6,-36.236,Debug,Linux-6.18.44-x86_64-with-glibc2.41
experimental,96000,384000,1000,1,0.5,445.312,7,-38.5742,Debug,Linux-6.18.44-x86_64-with-glibc2.41
experimental,96000,384000,1000,1,0.5,445.312,8,-40.3464,Debug,Linux-6.18.44-x86_64-with-glibc2.41
legacy,44100,176400,1000,0.4,0.05,441.431,1,0,Release,Linux-6.18.44-x86_64-with-glibc2.41
legacy,44100,176400,1000,0.4,0.05,441.431,2,-300,Release,Linux-6.18.44-x86_64-with-glibc2.41
legacy,44100,176400,1000,0.4,0.05,441.431,3,-90.6738,Release,Linux-6.18.44-x86_64-with-glibc2.41
legacy,44100,176400,1000,0.4,0.05,441.431,4,-300,Release,Linux-6.18.44-x86_64-with-glibc2.41
legacy,44100,176400,1000,0.4,0.05,441.431,5,-158.308,Release,Linux-6.18.44-x86_64-with-glibc2.41
legacy,44100,176400,1000,0.4,0.05,441.431,6,-300,Release,Linux-6.18.44-x86_64-with-glibc2.41
legacy,44100,176400,1000,0.4,0.05,441.431,7,-159.35,Release,Linux-6.18.44-x86_64-with-glibc2.41
legacy,44100,176400,1000,0.4,0.05,441.431,8,-300,Release,Linux-6.18.44-x86_64-with-glibc2.41
experimental,44100,176400,1000,0.4,0.05,441.431,1,0,Release,Linux-6.18.44-x86_64-with-glibc2.41
experimental,44100,176400,1000,0.4,0.05,441.431,2,-174.95,Release,Linux-6.18.44-x86_64-with-glibc2.41
experimental,44100,176400,1000,0.4,0.05,441.431,3,-78.6561,Release,Linux-6.18.44-x86_64-with-glibc2.41
experimental,44100,176400,1000,0.4,0.05,441.431,4,-179.148,Release,Linux-6.18.44-x86_64-with-glibc2.41
experimental,44100,176400,1000,0.4,0.05,441.431,5,-160.434,Release,Linux-6.18.44-x86_64-with-glibc2.41
experimental,44100,176400,1000,0.4,0.05,441.431,6,-183.453,Release,Linux-6.18.44-x86_64-with-glibc2.41
experimental,44100,176400,1000,0.4,0.05,441.431,7,-173.133,Release,Linux-6.18.44-x86_64-with-glibc2.41
experimental,44100,176400,1000,0.4,0.05,441.431,8,-204.316,Release,Linux-6.18.44-x86_64-with-glibc2.41
legacy,44100,176400,1000,0.4,0.5,441.431,1,0,Release,Linux-6.18.44-x86_64-with-glibc2.41
legacy,44100,176400,1000,0.4,0.5,441.431,2,-300,Release,Linux-6.18.44-x86_64-with-glibc2.41
legacy,44100,176400,1000,0.4,0.5,441.431,3,-49.8302,Release,Linux-6.18.44-x86_64-with-glibc2.41
legacy,44100,176400,1000,0.4,0.5,441.431,4,-300,Release,Linux-6.18.44-x86_64-with-glibc2.41
legacy,44100,176400,1000,0.4,0.5,441.431,5,-84.1837,Release,Linux-6.18.44-x86_64-with-glibc2.41
legacy,44100,176400,1000,0.4,0.5,441.431,6,-300,Release,Linux-6.18.44-x86_64-with-glibc2.41
legacy,44100,176400,1000,0.4,0.5,441.431,7,-116.443,Release,Linux-6.18.44-x86_64-with-glibc2.41
legacy,44100,176400,1000,0.4,0.5,441.431,8,-300,Release,Linux-6.18.44-x86_64-with-glibc2.41
experimental,44100,176400,1000,0.4,0.5,441.431,1,0,Release,Linux-6.18.44-x86_64-with-glibc2.41
experimental,44100,176400,1000,0.4,0.5,441.431,2,-300,Release,Linux-6.18.44-x86_64-with-glibc2.41
experimental,44100,176400,1000,0.4,0.5,441.431,3,-39.0614,Release,Linux-6.18.44-x86_64-with-glibc2.41
experimental,44100,176400,1000,0.4,0.5,441.431,4,-300,Release,Linux-6.18.44-x86_64-with-glibc2.41
experimental,44100,176400,1000,0.4,0.5,441.431,5,-83.8259,Release,Linux-6.18.44-x86_64-with-glibc2.41
experimental,44100,176400,1000,0.4,0.5,441.431,6,-300,Release,Linux-6.18.44-x86_64-with-glibc2.41
experimental,44100,176400,1000,0.4,0.5,441.431,7,-121.764,Release,Linux-6.18.44-x86_64-with-glibc2.41
experimental,44100,176400,1000,0.4,0.5,441.431,8,-300,Release,Linux-6.18.44-x86_64-with-glibc2.41
legacy,44100,176400,1000,0.8,0.05,441.431,1,0,Release,Linux-6.18.44-x86_64-with-glibc2.41
legacy,44100,176400,1000,0.8,0.05,441.431,2,-300,Release,Linux-6.18.44-x86_64-with-glibc2.41
legacy,44100,176400,1000,0.8,0.05,441.431,3,-81.7605,Release,Linux-6.18.44-x86_64-with-glibc2.41
legacy,44100,176400,1000,0.8,0.05,441.431,4,-300,Release,Linux-6.18.44-x86_64-with-glibc2.41
legacy,44100,176400,1000,0.8,0.05,441.431,5,-158.095,Release,Linux-6.18.44-x86_64-with-glibc2.41
legacy,44100,176400,1000,0.8,0.05,441.431,6,-300,Release,Linux-6.18.44-x86_64-with-glibc2.41
legacy,44100,176400,1000,0.8,0.05,441.431,7,-171.554,Release,Linux-6.18.44-x86_64-with-glibc2.41
legacy,44100,176400,1000,0.8,0.05,441.431,8,-300,Release,Linux-6.18.44-x86_64-with-glibc2.41
experimental,44100,176400,1000,0.8,0.05,441.431,1,0,Release,Linux-6.18.44-x86_64-with-glibc2.41
experimental,44100,176400,1000,0.8,0.05,441.431,2,-20.5732,Release,Linux-6.18.44-x86_64-with-glibc2.41
experimental,44100,176400,1000,0.8,0.05,441.431,3,-31.9112,Release,Linux-6.18.44-x86_64-with-glibc2.41
experimental,44100,176400,1000,0.8,0.05,441.431,4,-40.651,Release,Linux-6.18.44-x86_64-with-glibc2.41
experimental,44100,176400,1000,0.8,0.05,441.431,5,-45.4665,Release,Linux-6.18.44-x86_64-with-glibc2.41
experimental,44100,176400,1000,0.8,0.05,441.431,6,-48.9528,Release,Linux-6.18.44-x86_64-with-glibc2.41
experimental,44100,176400,1000,0.8,0.05,441.431,7,-49.4832,Release,Linux-6.18.44-x86_64-with-glibc2.41
experimental,44100,176400,1000,0.8,0.05,441.431,8,-52.8958,Release,Linux-6.18.44-x86_64-with-glibc2.41
legacy,44100,176400,1000,0.8,0.5,441.431,1,0,Release,Linux-6.18.44-x86_64-with-glibc2.41
legacy,44100,176400,1000,0.8,0.5,441.431,2,-300,Release,Linux-6.18.44-x86_64-with-glibc2.41
legacy,44100,176400,1000,0.8,0.5,441.431,3,-41.919,Release,Linux-6.18.44-x86_64-with-glibc2.41
legacy,44100,176400,1000,0.8,0.5,441.431,4,-300,Release,Linux-6.18.44-x86_64-with-glibc2.41
legacy,44100,176400,1000,0.8,0.5,441.431,5,-70.4101,Release,Linux-6.18.44-x86_64-with-glibc2.41
legacy,44100,176400,1000,0.8,0.5,441.431,6,-300,Release,Linux-6.18.44-x86_64-with-glibc2.41
legacy,44100,176400,1000,0.8,0.5,441.431,7,-101.308,Release,Linux-6.18.44-x86_64-with-glibc2.41
legacy,44100,176400,1000,0.8,0.5,441.431,8,-300,Release,Linux-6.18.44-x86_64-with-glibc2.41
experimental,44100,176400,1000,0.8,0.5,441.431,1,0,Release,Linux-6.18.44-x86_64-with-glibc2.41
experimental,44100,176400,1000,0.8,0.5,441.431,2,-25.7553,Release,Linux-6.18.44-x86_64-with-glibc2.41
experimental,44100,176400,1000,0.8,0.5,441.431,3,-40.9084,Release,Linux-6.18.44-x86_64-with-glibc2.41
experimental,44100,176400,1000,0.8,0.5,441.431,4,-45.2977,Release,Linux-6.18.44-x86_64-with-glibc2.41
experimental,44100,176400,1000,0.8,0.5,441.431,5,-50.1743,Release,Linux-6.18.44-x86_64-with-glibc2.41
experimental,44100,176400,1000,0.8,0.5,441.431,6,-55.6264,Release,Linux-6.18.44-x86_64-with-glibc2.41
experimental,44100,176400,1000,0.8,0.5,441.431,7,-57.3817,Release,Linux-6.18.44-x86_64-with-glibc2.41
experimental,44100,176400,1000,0.8,0.5,441.431,8,-60.0978,Release,Linux-6.18.44-x86_64-with-glibc2.41
legacy,44100,176400,1000,1,0.05,441.431,1,0,Release,Linux-6.18.44-x86_64-with-glibc2.41
legacy,44100,176400,1000,1,0.05,441.431,2,-300,Release,Linux-6.18.44-x86_64-with-glibc2.41
legacy,44100,176400,1000,1,0.05,441.431,3,-78.3717,Release,Linux-6.18.44-x86_64-with-glibc2.41
legacy,44100,176400,1000,1,0.05,441.431,4,-300,Release,Linux-6.18.44-x86_64-with-glibc2.41
legacy,44100,176400,1000,1,0.05,441.431,5,-151.961,Release,Linux-6.18.44-x86_64-with-glibc2.41
legacy,44100,176400,1000,1,0.05,441.431,6,-300,Release,Linux-6.18.44-x86_64-with-glibc2.41
legacy,44100,176400,1000,1,0.05,441.431,7,-156.455,Release,Linux-6.18.44-x86_64-with-glibc2.41
legacy,44100,176400,1000,1,0.05,441.431,8,-300,Release,Linux-6.18.44-x86_64-with-glibc2.41
experimental,44100,176400,1000,1,0.05,441.431,1,0,Release,Linux-6.18.44-x86_64-with-glibc2.41
experimental,44100,176400,1000,1,0.05,441.431,2,-13.0263,Release,Linux-6.18.44-x86_64-with-glibc2.41
experimental,44100,176400,1000,1,0.05,441.431,3,-24.6562,Release,Linux-6.18.44-x86_64-with-glibc2.41
experimental,44100,176400,1000,1,0.05,441.431,4,-33.7601,Release,Linux-6.18.44-x86_64-with-glibc2.41
experimental,44100,176400,1000,1,0.05,441.431,5,-39.0005,Release,Linux-6.18.44-x86_64-with-glibc2.41
experimental,44100,176400,1000,1,0.05,441.431,6,-43.033,Release,Linux-6.18.44-x86_64-with-glibc2.41
experimental,44100,176400,1000,1,0.05,441.431,7,-43.1311,Release,Linux-6.18.44-x86_64-with-glibc2.41
experimental,44100,176400,1000,1,0.05,441.431,8,-47.3708,Release,Linux-6.18.44-x86_64-with-glibc2.41
legacy,44100,176400,1000,1,0.5,441.431,1,0,Release,Linux-6.18.44-x86_64-with-glibc2.41
legacy,44100,176400,1000,1,0.5,441.431,2,-300,Release,Linux-6.18.44-x86_64-with-glibc2.41
legacy,44100,176400,1000,1,0.5,441.431,3,-38.9755,Release,Linux-6.18.44-x86_64-with-glibc2.41
legacy,44100,176400,1000,1,0.5,441.431,4,-300,Release,Linux-6.18.44-x86_64-with-glibc2.41
legacy,44100,176400,1000,1,0.5,441.431,5,-65.5233,Release,Linux-6.18.44-x86_64-with-glibc2.41
legacy,44100,176400,1000,1,0.5,441.431,6,-300,Release,Linux-6.18.44-x86_64-with-glibc2.41
legacy,44100,176400,1000,1,0.5,441.431,7,-93.2806,Release,Linux-6.18.44-x86_64-with-glibc2.41
legacy,44100,176400,1000,1,0.5,441.431,8,-300,Release,Linux-6.18.44-x86_64-with-glibc2.41
experimental,44100,176400,1000,1,0.5,441.431,1,0,Release,Linux-6.18.44-x86_64-with-glibc2.41
experimental,44100,176400,1000,1,0.5,441.431,2,-21.9895,Release,Linux-6.18.44-x86_64-with-glibc2.41
experimental,44100,176400,1000,1,0.5,441.431,3,-34.9597,Release,Linux-6.18.44-x86_64-with-glibc2.41
experimental,44100,176400,1000,1,0.5,441.431,4,-40.4725,Release,Linux-6.18.44-x86_64-with-glibc2.41
experimental,44100,176400,1000,1,0.5,441.431,5,-45.0003,Release,Linux-6.18.44-x86_64-with-glibc2.41
experimental,44100,176400,1000,1,0.5,441.431,6,-49.5443,Release,Linux-6.18.44-x86_64-with-glibc2.41
experimental,44100,176400,1000,1,0.5,441.431,7,-50.8051,Release,Linux-6.18.44-x86_64-with-glibc2.41
experimental,44100,176400,1000,1,0.5,441.431,8,-53.386,Release,Linux-6.18.44-x86_64-with-glibc2.41
legacy,48000,192000,1000,0.4,0.05,439.453,1,0,Release,Linux-6.18.44-x86_64-with-glibc2.41
legacy,48000,192000,1000,0.4,0.05,439.453,2,-40.7345,Release,Linux-6.18.44-x86_64-with-glibc2.41
legacy,48000,192000,1000,0.4,0.05,439.453,3,-90.701,Release,Linux-6.18.44-x86_64-with-glibc2.41
legacy,48000,192000,1000,0.4,0.05,439.453,4,-49.2931,Release,Linux-6.18.44-x86_64-with-glibc2.41
legacy,48000,192000,1000,0.4,0.05,439.453,5,-161.819,Release,Linux-6.18.44-x86_64-with-glibc2.41
legacy,48000,192000,1000,0.4,0.05,439.453,6,-53.2505,Release,Linux-6.18.44-x86_64-with-glibc2.41
legacy,48000,192000,1000,0.4,0.05,439.453,7,-160.594,Release,Linux-6.18.44-x86_64-with-glibc2.41
legacy,48000,192000,1000,0.4,0.05,439.453,8,-55.8983,Release,Linux-6.18.44-x86_64-with-glibc2.41
experimental,48000,192000,1000,0.4,0.05,439.453,1,0,Release,Linux-6.18.44-x86_64-with-glibc2.41
experimental,48000,192000,1000,0.4,0.05,439.453,2,-42.4715,Release,Linux-6.18.44-x86_64-with-glibc2.41
experimental,48000,192000,1000,0.4,0.05,439.453,3,-78.4666,Release,Linux-6.18.44-x86_64-with-glibc2.41
experimental,48000,192000,1000,0.4,0.05,439.453,4,-52.0771,Release,Linux-6.18.44-x86_64-with-glibc2.41
experimental,48000,192000,1000,0.4,0.05,439.453,5,-164.337,Release,Linux-6.18.44-x86_64-with-glibc2.41
experimental,48000,192000,1000,0.4,0.05,439.453,6,-56.3014,Release,Linux-6.18.44-x86_64-with-glibc2.41
experimental,48000,192000,1000,0.4,0.05,439.453,7,-197.682,Release,Linux-6.18.44-x86_64-with-glibc2.41
experimental,48000,192000,1000,0.4,0.05,439.453,8,-59.0503,Release,Linux-6.18.44-x86_64-with-glibc2.41
legacy,48000,192000,1000,0.4,0.5,439.453,1,0,Release,Linux-6.18.44-x86_64-with-glibc2.41
legacy,48000,192000,1000,0.4,0.5,439.453,2,-40.7354,Release,Linux-6.18.44-x86_64-with-glibc2.41
legacy,48000,192000,1000,0.4,0.5,439.453,3,-49.8631,Release,Linux-6.18.44-x86_64-with-glibc2.41
legacy,48000,192000,1000,0.4,0.5,439.453,4,-49.2561,Release,Linux-6.18.44-x86_64-with-glibc2.41
legacy,48000,192000,1000,0.4,0.5,439.453,5,-84.2573,Release,Linux-6.18.44-x86_64-with-glibc2.41
legacy,48000,192000,1000,0.4,0.5,439.453,6,-53.2267,Release,Linux-6.18.44-x86_64-with-glibc2.41
legacy,48000,192000,1000,0.4,0.5,439.453,7,-116.767,Release,Linux-6.18.44-x86_64-with-glibc2.41
legacy,48000,192000,1000,0.4,0.5,439.453,8,-55.875,Release,Linux-6.18.44-x86_64-with-glibc2.41
experimental,48000,192000,1000,0.4,0.5,439.453,1,0,Release,Linux-6.18.44-x86_64-with-glibc2.41
experimental,48000,192000,1000,0.4,0.5,439.453,2,-42.2303,Release,Linux-6.18.44-x86_64-with-glibc2.41
experimental,48000,192000,1000,0.4,0.5,439.453,3,-38.8839,Release,Linux-6.18.44-x86_64-with-glibc2.41
experimental,48000,192000,1000,0.4,0.5,439.453,4,-51.6081,Release,Linux-6.18.44-x86_64-with-glibc2.41
experimental,48000,192000,1000,0.4,0.5,439.453,5,-83.6392,Release,Linux-6.18.44-x86_64-with-glibc2.41
experimental,48000,192000,1000,0.4,0.5,439.453,6,-55.7885,Release,Linux-6.18.44-x86_64-with-glibc2.41
experimental,48000,192000,1000,0.4,0.5,439.453,7,-121.57,Release,Linux-6.18.44-x86_64-with-glibc2.41
experimental,48000,192000,1000,0.4,0.5,439.453,8,-58.518,Release,Linux-6.18.44-x86_64-with-glibc2.41
legacy,48000,192000,1000,0.8,0.05,439.453,1,0,Release,Linux-6.18.44-x86_64-with-glibc2.41
legacy,48000,192000,1000,0.8,0.05,439.453,2,-41.4918,Release,Linux-6.18.44-x86_64-with-glibc2.41
legacy,48000,192000,1000,0.8,0.05,439.453,3,-81.8062,Release,Linux-6.18.44-x86_64-with-glibc2.41
legacy,48000,192000,1000,0.8,0.05,439.453,4,-50.4249,Release,Linux-6.18.44-x86_64-with-glibc2.41
legacy,48000,192000,1000,0.8,0.05,439.453,5,-155.464,Release,Linux-6.18.44-x86_64-with-glibc2.41
legacy,48000,192000,1000,0.8,0.05,439.453,6,-54.4694,Release,Linux-6.18.44-x86_64-with-glibc2.41
legacy,48000,192000,1000,0.8,0.05,439.453,7,-164.166,Release,Linux-6.18.44-x86_64-with-glibc2.41
legacy,48000,192000,1000,0.8,0.05,439.453,8,-57.1492,Release,Linux-6.18.44-x86_64-with-glibc2.41
experimental,48000,192000,1000,0.8,0.05,439.453,1,0,Release,Linux-6.18.44-x86_64-with-glibc2.41
experimental,48000,192000,1000,0.8,0.05,439.453,2,-0.274576,Release,Linux-6.18.44-x86_64-with-glibc2.41
experimental,48000,192000,1000,0.8,0.05,439.453,3,-23.3713,Release,Linux-6.18.44-x86_64-with-glibc2.41
experimental,48000,192000,1000,0.8,0.05,439.453,4,-15.6107,Release,Linux-6.18.44-x86_64-with-glibc2.41
experimental,48000,192000,1000,0.8,0.05,439.453,5,-35.0992,Release,Linux-6.18.44-x86_64-with-glibc2.41
experimental,48000,192000,1000,0.8,0.05,439.453,6,-21.328,Release,Linux-6.18.44-x86_64-with-glibc2.41
experimental,48000,192000,1000,0.8,0.05,439.453,7,-39.3741,Release,Linux-6.18.44-x86_64-with-glibc2.41
experimental,48000,192000,1000,0.8,0.05,439.453,8,-24.699,Release,Linux-6.18.44-x86_64-with-glibc2.41
legacy,48000,192000,1000,0.8,0.5,439.453,1,0,Release,Linux-6.18.44-x86_64-with-glibc2.41
legacy,48000,192000,1000,0.8,0.5,439.453,2,-41.5116,Release,Linux-6.18.44-x86_64-with-glibc2.41
legacy,48000,192000,1000,0.8,0.5,439.453,3,-41.959,Release,Linux-6.18.44-x86_64-with-glibc2.41
legacy,48000,192000,1000,0.8,0.5,439.453,4,-50.2591,Release,Linux-6.18.44-x86_64-with-glibc2.41
legacy,48000,192000,1000,0.8,0.5,439.453,5,-70.497,Release,Linux-6.18.44-x86_64-with-glibc2.41
legacy,48000,192000,1000,0.8,0.5,439.453,6,-54.3637,Release,Linux-6.18.44-x86_64-with-glibc2.41
legacy,48000,192000,1000,0.8,0.5,439.453,7,-101.481,Release,Linux-6.18.44-x86_64-with-glibc2.41
legacy,48000,192000,1000,0.8,0.5,439.453,8,-57.05,Release,Linux-6.18.44-x86_64-with-glibc2.41
experimental,48000,192000,1000,0.8,0.5,439.453,1,0,Release,Linux-6.18.44-x86_64-with-glibc2.41
experimental,48000,192000,1000,0.8,0.5,439.453,2,-19.7025,Release,Linux-6.18.44-x86_64-with-glibc2.41
experimental,48000,192000,1000,0.8,0.5,439.453,3,-42.3907,Release,Linux-6.18.44-x86_64-with-glibc2.41
experimental,48000,192000,1000,0.8,0.5,439.453,4,-39.9941,Release,Linux-6.18.44-x86_64-with-glibc2.41
experimental,48000,192000,1000,0.8,0.5,439.453,5,-51.2272,Release,Linux-6.18.44-x86_64-with-glibc2.41
experimental,48000,192000,1000,0.8,0.5,439.453,6,-48.107,Release,Linux-6.18.44-x86_64-with-glibc2.41
experimental,48000,192000,1000,0.8,0.5,439.453,7,-56.488,Release,Linux-6.18.44-x86_64-with-glibc2.41
experimental,48000,192000,1000,0.8,0.5,439.453,8,-52.8273,Release,Linux-6.18.44-x86_64-with-glibc2.41
legacy,48000,192000,1000,1,0.05,439.453,1,0,Release,Linux-6.18.44-x86_64-with-glibc2.41
legacy,48000,192000,1000,1,0.05,439.453,2,-41.7348,Release,Linux-6.18.44-x86_64-with-glibc2.41
legacy,48000,192000,1000,1,0.05,439.453,3,-78.4208,Release,Linux-6.18.44-x86_64-with-glibc2.41
legacy,48000,192000,1000,1,0.05,439.453,4,-50.8103,Release,Linux-6.18.44-x86_64-with-glibc2.41
legacy,48000,192000,1000,1,0.05,439.453,5,-149.773,Release,Linux-6.18.44-x86_64-with-glibc2.41
legacy,48000,192000,1000,1,0.05,439.453,6,-54.8909,Release,Linux-6.18.44-x86_64-with-glibc2.41
legacy,48000,192000,1000,1,0.05,439.453,7,-164.791,Release,Linux-6.18.44-x86_64-with-glibc2.41
legacy,48000,192000,1000,1,0.05,439.453,8,-57.5841,Release,Linux-6.18.44-x86_64-with-glibc2.41
experimental,48000,192000,1000,1,0.05,439.453,1,0,Release,Linux-6.18.44-x86_64-with-glibc2.41
experimental,48000,192000,1000,1,0.05,439.453,2,3.22504,Release,Linux-6.18.44-x86_64-with-glibc2.41
experimental,48000,192000,1000,1,0.05,439.453,3,-22.0825,Release,Linux-6.18.44-x86_64-with-glibc2.41
experimental,48000,192000,1000,1,0.05,439.453,4,-13.1505,Release,Linux-6.18.44-x86_64-with-glibc2.41
experimental,48000,192000,1000,1,0.05,439.453,5,-32.9934,Release,Linux-6.18.44-x86_64-with-glibc2.41
experimental,48000,192000,1000,1,0.05,439.453,6,-19.1402,Release,Linux-6.18.44-x86_64-with-glibc2.41
experimental,48000,192000,1000,1,0.05,439.453,7,-37.7154,Release,Linux-6.18.44-x86_64-with-glibc2.41
experimental,48000,192000,1000,1,0.05,439.453,8,-22.753,Release,Linux-6.18.44-x86_64-with-glibc2.41
legacy,48000,192000,1000,1,0.5,439.453,1,0,Release,Linux-6.18.44-x86_64-with-glibc2.41
legacy,48000,192000,1000,1,0.5,439.453,2,-41.7709,Release,Linux-6.18.44-x86_64-with-glibc2.41
legacy,48000,192000,1000,1,0.5,439.453,3,-39.0159,Release,Linux-6.18.44-x86_64-with-glibc2.41
legacy,48000,192000,1000,1,0.5,439.453,4,-50.5492,Release,Linux-6.18.44-x86_64-with-glibc2.41
legacy,48000,192000,1000,1,0.5,439.453,5,-65.6116,Release,Linux-6.18.44-x86_64-with-glibc2.41
legacy,48000,192000,1000,1,0.5,439.453,6,-54.7222,Release,Linux-6.18.44-x86_64-with-glibc2.41
legacy,48000,192000,1000,1,0.5,439.453,7,-93.4285,Release,Linux-6.18.44-x86_64-with-glibc2.41
legacy,48000,192000,1000,1,0.5,439.453,8,-57.428,Release,Linux-6.18.44-x86_64-with-glibc2.41
experimental,48000,192000,1000,1,0.5,439.453,1,0,Release,Linux-6.18.44-x86_64-with-glibc2.41
experimental,48000,192000,1000,1,0.5,439.453,2,-16.1547,Release,Linux-6.18.44-x86_64-with-glibc2.41
experimental,48000,192000,1000,1,0.5,439.453,3,-38.3112,Release,Linux-6.18.44-x86_64-with-glibc2.41
experimental,48000,192000,1000,1,0.5,439.453,4,-36.6827,Release,Linux-6.18.44-x86_64-with-glibc2.41
experimental,48000,192000,1000,1,0.5,439.453,5,-46.732,Release,Linux-6.18.44-x86_64-with-glibc2.41
experimental,48000,192000,1000,1,0.5,439.453,6,-45.953,Release,Linux-6.18.44-x86_64-with-glibc2.41
experimental,48000,192000,1000,1,0.5,439.453,7,-51.9915,Release,Linux-6.18.44-x86_64-with-glibc2.41
experimental,48000,192000,1000,1,0.5,439.453,8,-54.9682,Release,Linux-6.18.44-x86_64-with-glibc2.41
legacy,96000,384000,1000,0.4,0.05,445.312,1,0,Release,Linux-6.18.44-x86_64-with-glibc2.41
legacy,96000,384000,1000,0.4,0.05,445.312,2,-300,Release,Linux-6.18.44-x86_64-with-glibc2.41
legacy,96000,384000,1000,0.4,0.05,445.312,3,-90.5795,Release,Linux-6.18.44-x86_64-with-glibc2.41
legacy,96000,384000,1000,0.4,0.05,445.312,4,-300,Release,Linux-6.18.44-x86_64-with-glibc2.41
legacy,96000,384000,1000,0.4,0.05,445.312,5,-154.314,Release,Linux-6.18.44-x86_64-with-glibc2.41
legacy,96000,384000,1000,0.4,0.05,445.312,6,-300,Release,Linux-6.18.44-x86_64-with-glibc2.41
legacy,96000,384000,1000,0.4,0.05,445.312,7,-149.664,Release,Linux-6.18.44-x86_64-with-glibc2.41
legacy,96000,384000,1000,0.4,0.05,445.312,8,-299.348,Release,Linux-6.18.44-x86_64-with-glibc2.41
experimental,96000,384000,1000,0.4,0.05,445.312,1,0,Release,Linux-6.18.44-x86_64-with-glibc2.41
experimental,96000,384000,1000,0.4,0.05,445.312,2,-111.036,Release,Linux-6.18.44-x86_64-with-glibc2.41
experimental,96000,384000,1000,0.4,0.05,445.312,3,-78.9554,Release,Linux-6.18.44-x86_64-with-glibc2.41
experimental,96000,384000,1000,0.4,0.05,445.312,4,-130.977,Release,Linux-6.18.44-x86_64-with-glibc2.41
experimental,96000,384000,1000,0.4,0.05,445.312,5,-133.499,Release,Linux-6.18.44-x86_64-with-glibc2.41
experimental,96000,384000,1000,0.4,0.05,445.312,6,-136.55,Release,Linux-6.18.44-x86_64-with-glibc2.41
experimental,96000,384000,1000,0.4,0.05,445.312,7,-139.755,Release,Linux-6.18.44-x86_64-with-glibc2.41
experimental,96000,384000,1000,0.4,0.05,445.312,8,-140.944,Release,Linux-6.18.44-x86_64-with-glibc2.41
legacy,96000,384000,1000,0.4,0.5,445.312,1,0,Release,Linux-6.18.44-x86_64-with-glibc2.41
legacy,96000,384000,1000,0.4,0.5,445.312,2,-216.898,Release,Linux-6.18.44-x86_64-with-glibc2.41
legacy,96000,384000,1000,0.4,0.5,445.312,3,-49.7645,Release,Linux-6.18.44-x86_64-with-glibc2.41
legacy,96000,384000,1000,0.4,0.5,445.312,4,-214.999,Release,Linux-6.18.44-x86_64-with-glibc2.41
legacy,96000,384000,1000,0.4,0.5,445.312,5,-84.0174,Release,Linux-6.18.44-x86_64-with-glibc2.41
legacy,96000,384000,1000,0.4,0.5,445.312,6,-218.955,Release,Linux-6.18.44-x86_64-with-glibc2.41
legacy,96000,384000,1000,0.4,0.5,445.312,7,-116.211,Release,Linux-6.18.44-x86_64-with-glibc2.41
legacy,96000,384000,1000,0.4,0.5,445.312,8,-212.246,Release,Linux-6.18.44-x86_64-with-glibc2.41
experimental,96000,384000,1000,0.4,0.5,445.312,1,0,Release,Linux-6.18.44-x86_64-with-glibc2.41
experimental,96000,384000,1000,0.4,0.5,445.312,2,-154.971,Release,Linux-6.18.44-x86_64-with-glibc2.41
experimental,96000,384000,1000,0.4,0.5,445.312,3,-39.3476,Release,Linux-6.18.44-x86_64-with-glibc2.41
experimental,96000,384000,1000,0.4,0.5,445.312,4,-168.808,Release,Linux-6.18.44-x86_64-with-glibc2.41
experimental,96000,384000,1000,0.4,0.5,445.312,5,-84.1301,Release,Linux-6.18.44-x86_64-with-glibc2.41
experimental,96000,384000,1000,0.4,0.5,445.312,6,-173.783,Release,Linux-6.18.44-x86_64-with-glibc2.41
experimental,96000,384000,1000,0.4,0.5,445.312,7,-122.293,Release,Linux-6.18.44-x86_64-with-glibc2.41
experimental,96000,384000,1000,0.4,0.5,445.312,8,-174.244,Release,Linux-6.18.44-x86_64-with-glibc2.41
legacy,96000,384000,1000,0.8,0.05,445.312,1,0,Release,Linux-6.18.44-x86_64-with-glibc2.41
legacy,96000,384000,1000,0.8,0.05,445.312,2,-300,Release,Linux-6.18.44-x86_64-with-glibc2.41
legacy,96000,384000,1000,0.8,0.05,445.312,3,-81.6682,Release,Linux-6.18.44-x86_64-with-glibc2.41
legacy,96000,384000,1000,0.8,0.05,445.312,4,-300,Release,Linux-6.18.44-x86_64-with-glibc2.41
legacy,96000,384000,1000,0.8,0.05,445.312,5,-150.035,Release,Linux-6.18.44-x86_64-with-glibc2.41
legacy,96000,384000,1000,0.8,0.05,445.312,6,-300,Release,Linux-6.18.44-x86_64-with-glibc2.41
legacy,96000,384000,1000,0.8,0.05,445.312,7,-153.076,Release,Linux-6.18.44-x86_64-with-glibc2.41
legacy,96000,384000,1000,0.8,0.05,445.312,8,-299.925,Release,Linux-6.18.44-x86_64-with-glibc2.41
experimental,96000,384000,1000,0.8,0.05,445.312,1,0,Release,Linux-6.18.44-x86_64-with-glibc2.41
experimental,96000,384000,1000,0.8,0.05,445.312,2,9.50656,Release,Linux-6.18.44-x86_64-with-glibc2.41
experimental,96000,384000,1000,0.8,0.05,445.312,3,0.697742,Release,Linux-6.18.44-x86_64-with-glibc2.41
experimental,96000,384000,1000,0.8,0.05,445.312,4,-5.65997,Release,Linux-6.18.44-x86_64-with-glibc2.41
experimental,96000,384000,1000,0.8,0.05,445.312,5,-8.96941,Release,Linux-6.18.44-x86_64-with-glibc2.41
experimental,96000,384000,1000,0.8,0.05,445.312,6,-11.2754,Release,Linux-6.18.44-x86_64-with-glibc2.41
experimental,96000,384000,1000,0.8,0.05,445.312,7,-12.6564,Release,Linux-6.18.44-x86_64-with-glibc2.41
experimental,96000,384000,1000,0.8,0.05,445.312,8,-14.2356,Release,Linux-6.18.44-x86_64-with-glibc2.41
legacy,96000,384000,1000,0.8,0.5,445.312,1,0,Release,Linux-6.18.44-x86_64-with-glibc2.41
legacy,96000,384000,1000,0.8,0.5,445.312,2,-215.632,Release,Linux-6.18.44-x86_64-with-glibc2.41
legacy,96000,384000,1000,0.8,0.5,445.312,3,-41.8398,Release,Linux-6.18.44-x86_64-with-glibc2.41
legacy,96000,384000,1000,0.8,0.5,445.312,4,-218.176,Release,Linux-6.18.44-x86_64-with-glibc2.41
legacy,96000,384000,1000,0.8,0.5,445.312,5,-70.2323,Release,Linux-6.18.44-x86_64-with-glibc2.41
legacy,96000,384000,1000,0.8,0.5,445.312,6,-222.92,Release,Linux-6.18.44-x86_64-with-glibc2.41
legacy,96000,384000,1000,0.8,0.5,445.312,7,-100.928,Release,Linux-6.18.44-x86_64-with-glibc2.41
legacy,96000,384000,1000,0.8,0.5,445.312,8,-216.259,Release,Linux-6.18.44-x86_64-with-glibc2.41
experimental,96000,384000,1000,0.8,0.5,445.312,1,0,Release,Linux-6.18.44-x86_64-with-glibc2.41
experimental,96000,384000,1000,0.8,0.5,445.312,2,-14.3697,Release,Linux-6.18.44-x86_64-with-glibc2.41
experimental,96000,384000,1000,0.8,0.5,445.312,3,-24.4405,Release,Linux-6.18.44-x86_64-with-glibc2.41
experimental,96000,384000,1000,0.8,0.5,445.312,4,-31.7446,Release,Linux-6.18.44-x86_64-with-glibc2.41
experimental,96000,384000,1000,0.8,0.5,445.312,5,-35.0959,Release,Linux-6.18.44-x86_64-with-glibc2.41
experimental,96000,384000,1000,0.8,0.5,445.312,6,-37.8355,Release,Linux-6.18.44-x86_64-with-glibc2.41
experimental,96000,384000,1000,0.8,0.5,445.312,7,-39.8078,Release,Linux-6.18.44-x86_64-with-glibc2.41
experimental,96000,384000,1000,0.8,0.5,445.312,8,-41.3448,Release,Linux-6.18.44-x86_64-with-glibc2.41
legacy,96000,384000,1000,1,0.05,445.312,1,0,Release,Linux-6.18.44-x86_64-with-glibc2.41
legacy,96000,384000,1000,1,0.05,445.312,2,-300,Release,Linux-6.18.44-x86_64-with-glibc2.41
legacy,96000,384000,1000,1,0.05,445.312,3,-78.2722,Release,Linux-6.18.44-x86_64-with-glibc2.41
legacy,96000,384000,1000,1,0.05,445.312,4,-300,Release,Linux-6.18.44-x86_64-with-glibc2.41
legacy,96000,384000,1000,1,0.05,445.312,5,-148.794,Release,Linux-6.18.44-x86_64-with-glibc2.41
legacy,96000,384000,1000,1,0.05,445.312,6,-300,Release,Linux-6.18.44-x86_64-with-glibc2.41
legacy,96000,384000,1000,1,0.05,445.312,7,-149.96,Release,Linux-6.18.44-x86_64-with-glibc2.41
legacy,96000,384000,1000,1,0.05,445.312,8,-300,Release,Linux-6.18.44-x86_64-with-glibc2.41
experimental,96000,384000,1000,1,0.05,445.312,1,0,Release,Linux-6.18.44-x86_64-with-glibc2.41
experimental,96000,384000,1000,1,0.05,445.312,2,12.4141,Release,Linux-6.18.44-x86_64-with-glibc2.41
experimental,96000,384000,1000,1,0.05,445.312,3,3.82039,Release,Linux-6.18.44-x86_64-with-glibc2.41
experimental,96000,384000,1000,1,0.05,445.312,4,-2.4547,Release,Linux-6.18.44-x86_64-with-glibc2.41
experimental,96000,384000,1000,1,0.05,445.312,5,-5.72124,Release,Linux-6.18.44-x86_64-with-glibc2.41
experimental,96000,384000,1000,1,0.05,445.312,6,-7.99415,Release,Linux-6.18.44-x86_64-with-glibc2.41
experimental,96000,384000,1000,1,0.05,445.312,7,-9.40275,Release,Linux-6.18.44-x86_64-with-glibc2.41
experimental,96000,384000,1000,1,0.05,445.312,8,-10.9624,Release,Linux-6.18.44-x86_64-with-glibc2.41
legacy,96000,384000,1000,1,0.5,445.312,1,0,Release,Linux-6.18.44-x86_64-with-glibc2.41
legacy,96000,384000,1000,1,0.5,445.312,2,-210.197,Release,Linux-6.18.44-x86_64-with-glibc2.41
legacy,96000,384000,1000,1,0.5,445.312,3,-38.8951,Release,Linux-6.18.44-x86_64-with-glibc2.41
legacy,96000,384000,1000,1,0.5,445.312,4,-217.446,Release,Linux-6.18.44-x86_64-with-glibc2.41
legacy,96000,384000,1000,1,0.5,445.312,5,-65.3442,Release,Linux-6.18.44-x86_64-with-glibc2.41
legacy,96000,384000,1000,1,0.5,445.312,6,-217.309,Release,Linux-6.18.44-x86_64-with-glibc2.41
legacy,96000,384000,1000,1,0.5,445.312,7,-92.9627,Release,Linux-6.18.44-x86_64-with-glibc2.41
legacy,96000,384000,1000,1,0.5,445.312,8,-212.977,Release,Linux-6.18.44-x86_64-with-glibc2.41
experimental,96000,384000,1000,1,0.5,445.312,1,0,Release,Linux-6.18.44-x86_64-with-glibc2.41
experimental,96000,384000,1000,1,0.5,445.312,2,-10.2398,Release,Linux-6.18.44-x86_64-with-glibc2.41
experimental,96000,384000,1000,1,0.5,445.312,3,-21.6752,Release,Linux-6.18.44-x86_64-with-glibc2.41
experimental,96000,384000,1000,1,0.5,445.312,4,-29.0688,Release,Linux-6.18.44-x86_64-with-glibc2.41
experimental,96000,384000,1000,1,0.5,445.312,5,-33.0966,Release,Linux-6.18.44-x86_64-with-glibc2.41
experimental,96000,384000,1000,1,0.5,445.312,6,-36.236,Release,Linux-6.18.44-x86_64-with-glibc2.41
experimental,96000,384000,1000,1,0.5,445.312,7,-38.5742,Release,Linux-6.18.44-x86_64-with-glibc2.41
experimental,96000,384000,1000,1,0.5,445.312,8,-40.3464,Release,Linux-6.18.44-x86_64-with-glibc2.41
