model,host_rate,internal_rate,cutoff_mode,samples,elapsed_seconds,ns_per_sample,finite_output,build_type,environment
legacy_biquad,44100,176400,static,65536,0.0230927,352.367,finite,Debug,Linux-6.18.44-x86_64-with-glibc2.41
experimental_tpt,44100,176400,static,65536,0.00687215,104.861,finite,Debug,Linux-6.18.44-x86_64-with-glibc2.41
legacy_biquad,44100,176400,modulated,65536,0.0226118,345.029,finite,Debug,Linux-6.18.44-x86_64-with-glibc2.41
experimental_tpt,44100,176400,modulated,65536,0.00650669,99.2843,finite,Debug,Linux-6.18.44-x86_64-with-glibc2.41
legacy_biquad,48000,192000,static,65536,0.0225636,344.293,finite,Debug,Linux-6.18.44-x86_64-with-glibc2.41
experimental_tpt,48000,192000,static,65536,0.00686608,104.768,finite,Debug,Linux-6.18.44-x86_64-with-glibc2.41
legacy_biquad,48000,192000,modulated,65536,0.0230585,351.845,finite,Debug,Linux-6.18.44-x86_64-with-glibc2.41
experimental_tpt,48000,192000,modulated,65536,0.00748493,114.211,finite,Debug,Linux-6.18.44-x86_64-with-glibc2.41
legacy_biquad,96000,384000,static,65536,0.023624,360.474,finite,Debug,Linux-6.18.44-x86_64-with-glibc2.41
experimental_tpt,96000,384000,static,65536,0.00664089,101.332,finite,Debug,Linux-6.18.44-x86_64-with-glibc2.41
legacy_biquad,96000,384000,modulated,65536,0.0237997,363.155,finite,Debug,Linux-6.18.44-x86_64-with-glibc2.41
experimental_tpt,96000,384000,modulated,65536,0.00679159,103.631,finite,Debug,Linux-6.18.44-x86_64-with-glibc2.41
legacy_biquad,44100,176400,static,65536,0.00668003,101.929,finite,Release,Linux-6.18.44-x86_64-with-glibc2.41
experimental_tpt,44100,176400,static,65536,0.00252554,38.5366,finite,Release,Linux-6.18.44-x86_64-with-glibc2.41
legacy_biquad,44100,176400,modulated,65536,0.00712145,108.665,finite,Release,Linux-6.18.44-x86_64-with-glibc2.41
experimental_tpt,44100,176400,modulated,65536,0.00236504,36.0876,finite,Release,Linux-6.18.44-x86_64-with-glibc2.41
legacy_biquad,48000,192000,static,65536,0.00704313,107.47,finite,Release,Linux-6.18.44-x86_64-with-glibc2.41
experimental_tpt,48000,192000,static,65536,0.00241138,36.7947,finite,Release,Linux-6.18.44-x86_64-with-glibc2.41
legacy_biquad,48000,192000,modulated,65536,0.00663565,101.252,finite,Release,Linux-6.18.44-x86_64-with-glibc2.41
experimental_tpt,48000,192000,modulated,65536,0.00230032,35.1001,finite,Release,Linux-6.18.44-x86_64-with-glibc2.41
legacy_biquad,96000,384000,static,65536,0.00728423,111.149,finite,Release,Linux-6.18.44-x86_64-with-glibc2.41
experimental_tpt,96000,384000,static,65536,0.00225023,34.3358,finite,Release,Linux-6.18.44-x86_64-with-glibc2.41
legacy_biquad,96000,384000,modulated,65536,0.00758656,115.762,finite,Release,Linux-6.18.44-x86_64-with-glibc2.41
experimental_tpt,96000,384000,modulated,65536,0.00225511,34.4102,finite,Release,Linux-6.18.44-x86_64-with-glibc2.41
