model,host_rate,internal_rate,cutoff_hz,resonance,frequency_hz,gain_db,finite,build_type,environment
legacy_biquad,44100,176400,80.0,0.2,43.0664,0.514562,finite,Debug,Linux-6.18.44-x86_64-with-glibc2.41
experimental_tpt,44100,176400,80.0,0.2,43.0664,-5.4647,finite,Debug,Linux-6.18.44-x86_64-with-glibc2.41
legacy_biquad,44100,176400,80.0,0.2,80.7495,1.60112,finite,Debug,Linux-6.18.44-x86_64-with-glibc2.41
experimental_tpt,44100,176400,80.0,0.2,80.7495,-3.20296,finite,Debug,Linux-6.18.44-x86_64-with-glibc2.41
legacy_biquad,44100,176400,80.0,0.2,161.499,-11.9391,finite,Debug,Linux-6.18.44-x86_64-with-glibc2.41
experimental_tpt,44100,176400,80.0,0.2,161.499,-9.28377,finite,Debug,Linux-6.18.44-x86_64-with-glibc2.41
legacy_biquad,44100,176400,80.0,0.7,43.0664,-1.03494,finite,Debug,Linux-6.18.44-x86_64-with-glibc2.41
experimental_tpt,44100,176400,80.0,0.7,43.0664,-1.81281,finite,Debug,Linux-6.18.44-x86_64-with-glibc2.41
legacy_biquad,44100,176400,80.0,0.7,80.7495,7.33945,finite,Debug,Linux-6.18.44-x86_64-with-glibc2.41
experimental_tpt,44100,176400,80.0,0.7,80.7495,3.86464,finite,Debug,Linux-6.18.44-x86_64-with-glibc2.41
legacy_biquad,44100,176400,80.0,0.7,161.499,-13.748,finite,Debug,Linux-6.18.44-x86_64-with-glibc2.41
experimental_tpt,44100,176400,80.0,0.7,161.499,-8.87093,finite,Debug,Linux-6.18.44-x86_64-with-glibc2.41
legacy_biquad,44100,176400,1000.0,0.2,500.647,0.534199,finite,Debug,Linux-6.18.44-x86_64-with-glibc2.41
experimental_tpt,44100,176400,1000.0,0.2,500.647,-5.31438,finite,Debug,Linux-6.18.44-x86_64-with-glibc2.41
legacy_biquad,44100,176400,1000.0,0.2,1001.29,1.70914,finite,Debug,Linux-6.18.44-x86_64-with-glibc2.41
experimental_tpt,44100,176400,1000.0,0.2,1001.29,-3.1346,finite,Debug,Linux-6.18.44-x86_64-with-glibc2.41
legacy_biquad,44100,176400,1000.0,0.2,2002.59,-11.7776,finite,Debug,Linux-6.18.44-x86_64-with-glibc2.41
experimental_tpt,44100,176400,1000.0,0.2,2002.59,-9.04034,finite,Debug,Linux-6.18.44-x86_64-with-glibc2.41
legacy_biquad,44100,176400,1000.0,0.7,500.647,-1.25694,finite,Debug,Linux-6.18.44-x86_64-with-glibc2.41
experimental_tpt,44100,176400,1000.0,0.7,500.647,-1.79465,finite,Debug,Linux-6.18.44-x86_64-with-glibc2.41
legacy_biquad,44100,176400,1000.0,0.7,1001.29,7.44625,finite,Debug,Linux-6.18.44-x86_64-with-glibc2.41
experimental_tpt,44100,176400,1000.0,0.7,1001.29,3.84911,finite,Debug,Linux-6.18.44-x86_64-with-glibc2.41
legacy_biquad,44100,176400,1000.0,0.7,2002.59,-13.6188,finite,Debug,Linux-6.18.44-x86_64-with-glibc2.41
experimental_tpt,44100,176400,1000.0,0.7,2002.59,-8.65709,finite,Debug,Linux-6.18.44-x86_64-with-glibc2.41
legacy_biquad,44100,176400,10000.0,0.2,5001.09,0.506924,finite,Debug,Linux-6.18.44-x86_64-with-glibc2.41
experimental_tpt,44100,176400,10000.0,0.2,5001.09,-5.2313,finite,Debug,Linux-6.18.44-x86_64-with-glibc2.41
legacy_biquad,44100,176400,10000.0,0.2,10002.2,1.71739,finite,Debug,Linux-6.18.44-x86_64-with-glibc2.41
experimental_tpt,44100,176400,10000.0,0.2,10002.2,-2.43909,finite,Debug,Linux-6.18.44-x86_64-with-glibc2.41
legacy_biquad,44100,176400,10000.0,0.2,19999.0,-12.4179,finite,Debug,Linux-6.18.44-x86_64-with-glibc2.41
experimental_tpt,44100,176400,10000.0,0.2,19999.0,-9.06725,finite,Debug,Linux-6.18.44-x86_64-with-glibc2.41
legacy_biquad,44100,176400,10000.0,0.7,5001.09,-1.30414,finite,Debug,Linux-6.18.44-x86_64-with-glibc2.41
experimental_tpt,44100,176400,10000.0,0.7,5001.09,-1.77916,finite,Debug,Linux-6.18.44-x86_64-with-glibc2.41
legacy_biquad,44100,176400,10000.0,0.7,10002.2,7.45819,finite,Debug,Linux-6.18.44-x86_64-with-glibc2.41
experimental_tpt,44100,176400,10000.0,0.7,10002.2,4.53369,finite,Debug,Linux-6.18.44-x86_64-with-glibc2.41
legacy_biquad,44100,176400,10000.0,0.7,19999.0,-14.3221,finite,Debug,Linux-6.18.44-x86_64-with-glibc2.41
experimental_tpt,44100,176400,10000.0,0.7,19999.0,-9.30436,finite,Debug,Linux-6.18.44-x86_64-with-glibc2.41
legacy_biquad,48000,192000,80.0,0.2,46.875,0.797841,finite,Debug,Linux-6.18.44-x86_64-with-glibc2.41
experimental_tpt,48000,192000,80.0,0.2,46.875,-5.33281,finite,Debug,Linux-6.18.44-x86_64-with-glibc2.41
legacy_biquad,48000,192000,80.0,0.2,82.0312,1.39657,finite,Debug,Linux-6.18.44-x86_64-with-glibc2.41
experimental_tpt,48000,192000,80.0,0.2,82.0312,-3.17797,finite,Debug,Linux-6.18.44-x86_64-with-glibc2.41
legacy_biquad,48000,192000,80.0,0.2,158.203,-11.5297,finite,Debug,Linux-6.18.44-x86_64-with-glibc2.41
experimental_tpt,48000,192000,80.0,0.2,158.203,-8.85377,finite,Debug,Linux-6.18.44-x86_64-with-glibc2.41
legacy_biquad,48000,192000,80.0,0.7,46.875,-0.443974,finite,Debug,Linux-6.18.44-x86_64-with-glibc2.41
experimental_tpt,48000,192000,80.0,0.7,46.875,-1.49855,finite,Debug,Linux-6.18.44-x86_64-with-glibc2.41
legacy_biquad,48000,192000,80.0,0.7,82.0312,6.97669,finite,Debug,Linux-6.18.44-x86_64-with-glibc2.41
experimental_tpt,48000,192000,80.0,0.7,82.0312,4.05246,finite,Debug,Linux-6.18.44-x86_64-with-glibc2.41
legacy_biquad,48000,192000,80.0,0.7,158.203,-13.2952,finite,Debug,Linux-6.18.44-x86_64-with-glibc2.41
experimental_tpt,48000,192000,80.0,0.7,158.203,-8.36308,finite,Debug,Linux-6.18.44-x86_64-with-glibc2.41
legacy_biquad,48000,192000,1000.0,0.2,498.047,0.516719,finite,Debug,Linux-6.18.44-x86_64-with-glibc2.41
experimental_tpt,48000,192000,1000.0,0.2,498.047,-5.32478,finite,Debug,Linux-6.18.44-x86_64-with-glibc2.41
legacy_biquad,48000,192000,1000.0,0.2,1001.95,1.70273,finite,Debug,Linux-6.18.44-x86_64-with-glibc2.41
experimental_tpt,48000,192000,1000.0,0.2,1001.95,-3.13818,finite,Debug,Linux-6.18.44-x86_64-with-glibc2.41
legacy_biquad,48000,192000,1000.0,0.2,1998.05,-11.73,finite,Debug,Linux-6.18.44-x86_64-with-glibc2.41
experimental_tpt,48000,192000,1000.0,0.2,1998.05,-8.99643,finite,Debug,Linux-6.18.44-x86_64-with-glibc2.41
legacy_biquad,48000,192000,1000.0,0.7,498.047,-1.28626,finite,Debug,Linux-6.18.44-x86_64-with-glibc2.41
experimental_tpt,48000,192000,1000.0,0.7,498.047,-1.8126,finite,Debug,Linux-6.18.44-x86_64-with-glibc2.41
legacy_biquad,48000,192000,1000.0,0.7,1001.95,7.43686,finite,Debug,Linux-6.18.44-x86_64-with-glibc2.41
experimental_tpt,48000,192000,1000.0,0.7,1001.95,3.85248,finite,Debug,Linux-6.18.44-x86_64-with-glibc2.41
legacy_biquad,48000,192000,1000.0,0.7,1998.05,-13.5662,finite,Debug,Linux-6.18.44-x86_64-with-glibc2.41
experimental_tpt,48000,192000,1000.0,0.7,1998.05,-8.59979,finite,Debug,Linux-6.18.44-x86_64-with-glibc2.41
legacy_biquad,48000,192000,10000.0,0.2,4998.05,0.508941,finite,Debug,Linux-6.18.44-x86_64-with-glibc2.41
experimental_tpt,48000,192000,10000.0,0.2,4998.05,-5.23831,finite,Debug,Linux-6.18.44-x86_64-with-glibc2.41
legacy_biquad,48000,192000,10000.0,0.2,10002.0,1.71802,finite,Debug,Linux-6.18.44-x86_64-with-glibc2.41
experimental_tpt,48000,192000,10000.0,0.2,10002.0,-2.50276,finite,Debug,Linux-6.18.44-x86_64-with-glibc2.41
legacy_biquad,48000,192000,10000.0,0.2,19998.0,-12.3087,finite,Debug,Linux-6.18.44-x86_64-with-glibc2.41
experimental_tpt,48000,192000,10000.0,0.2,19998.0,-8.99928,finite,Debug,Linux-6.18.44-x86_64-with-glibc2.41
legacy_biquad,48000,192000,10000.0,0.7,4998.05,-1.30075,finite,Debug,Linux-6.18.44-x86_64-with-glibc2.41
experimental_tpt,48000,192000,10000.0,0.7,4998.05,-1.78065,finite,Debug,Linux-6.18.44-x86_64-with-glibc2.41
legacy_biquad,48000,192000,10000.0,0.7,10002.0,7.45905,finite,Debug,Linux-6.18.44-x86_64-with-glibc2.41
experimental_tpt,48000,192000,10000.0,0.7,10002.0,4.46968,finite,Debug,Linux-6.18.44-x86_64-with-glibc2.41
legacy_biquad,48000,192000,10000.0,0.7,19998.0,-14.2026,finite,Debug,Linux-6.18.44-x86_64-with-glibc2.41
experimental_tpt,48000,192000,10000.0,0.7,19998.0,-9.18111,finite,Debug,Linux-6.18.44-x86_64-with-glibc2.41
legacy_biquad,96000,384000,80.0,0.2,93.75,-0.941397,finite,Debug,Linux-6.18.44-x86_64-with-glibc2.41
experimental_tpt,96000,384000,80.0,0.2,93.75,-3.10274,finite,Debug,Linux-6.18.44-x86_64-with-glibc2.41
legacy_biquad,96000,384000,80.0,0.2,93.75,-0.941397,finite,Debug,Linux-6.18.44-x86_64-with-glibc2.41
experimental_tpt,96000,384000,80.0,0.2,93.75,-3.10274,finite,Debug,Linux-6.18.44-x86_64-with-glibc2.41
legacy_biquad,96000,384000,80.0,0.2,164.062,-12.3985,finite,Debug,Linux-6.18.44-x86_64-with-glibc2.41
experimental_tpt,96000,384000,80.0,0.2,164.062,-9.76037,finite,Debug,Linux-6.18.44-x86_64-with-glibc2.41
legacy_biquad,96000,384000,80.0,0.7,93.75,1.68351,finite,Debug,Linux-6.18.44-x86_64-with-glibc2.41
experimental_tpt,96000,384000,80.0,0.7,93.75,4.86391,finite,Debug,Linux-6.18.44-x86_64-with-glibc2.41
legacy_biquad,96000,384000,80.0,0.7,93.75,1.68351,finite,Debug,Linux-6.18.44-x86_64-with-glibc2.41
experimental_tpt,96000,384000,80.0,0.7,93.75,4.86391,finite,Debug,Linux-6.18.44-x86_64-with-glibc2.41
legacy_biquad,96000,384000,80.0,0.7,164.062,-14.271,finite,Debug,Linux-6.18.44-x86_64-with-glibc2.41
experimental_tpt,96000,384000,80.0,0.7,164.062,-9.40626,finite,Debug,Linux-6.18.44-x86_64-with-glibc2.41
legacy_biquad,96000,384000,1000.0,0.2,503.906,0.540689,finite,Debug,Linux-6.18.44-x86_64-with-glibc2.41
experimental_tpt,96000,384000,1000.0,0.2,503.906,-5.32466,finite,Debug,Linux-6.18.44-x86_64-with-glibc2.41
legacy_biquad,96000,384000,1000.0,0.2,996.094,1.75444,finite,Debug,Linux-6.18.44-x86_64-with-glibc2.41
experimental_tpt,96000,384000,1000.0,0.2,996.094,-3.20111,finite,Debug,Linux-6.18.44-x86_64-with-glibc2.41
legacy_biquad,96000,384000,1000.0,0.2,2003.91,-11.7875,finite,Debug,Linux-6.18.44-x86_64-with-glibc2.41
experimental_tpt,96000,384000,1000.0,0.2,2003.91,-9.09292,finite,Debug,Linux-6.18.44-x86_64-with-glibc2.41
legacy_biquad,96000,384000,1000.0,0.7,503.906,-1.23518,finite,Debug,Linux-6.18.44-x86_64-with-glibc2.41
experimental_tpt,96000,384000,1000.0,0.7,503.906,-1.791,finite,Debug,Linux-6.18.44-x86_64-with-glibc2.41
legacy_biquad,96000,384000,1000.0,0.7,996.094,7.50915,finite,Debug,Linux-6.18.44-x86_64-with-glibc2.41
experimental_tpt,96000,384000,1000.0,0.7,996.094,3.72743,finite,Debug,Linux-6.18.44-x86_64-with-glibc2.41
legacy_biquad,96000,384000,1000.0,0.7,2003.91,-13.6295,finite,Debug,Linux-6.18.44-x86_64-with-glibc2.41
experimental_tpt,96000,384000,1000.0,0.7,2003.91,-8.67785,finite,Debug,Linux-6.18.44-x86_64-with-glibc2.41
legacy_biquad,96000,384000,10000.0,0.2,5003.91,0.528701,finite,Debug,Linux-6.18.44-x86_64-with-glibc2.41
experimental_tpt,96000,384000,10000.0,0.2,5003.91,-5.2758,finite,Debug,Linux-6.18.44-x86_64-with-glibc2.41
legacy_biquad,96000,384000,10000.0,0.2,9996.09,1.72534,finite,Debug,Linux-6.18.44-x86_64-with-glibc2.41
experimental_tpt,96000,384000,10000.0,0.2,9996.09,-2.86326,finite,Debug,Linux-6.18.44-x86_64-with-glibc2.41
legacy_biquad,96000,384000,10000.0,0.2,20003.9,-11.8866,finite,Debug,Linux-6.18.44-x86_64-with-glibc2.41
experimental_tpt,96000,384000,10000.0,0.2,20003.9,-8.87276,finite,Debug,Linux-6.18.44-x86_64-with-glibc2.41
legacy_biquad,96000,384000,10000.0,0.7,5003.91,-1.26719,finite,Debug,Linux-6.18.44-x86_64-with-glibc2.41
experimental_tpt,96000,384000,10000.0,0.7,5003.91,-1.78188,finite,Debug,Linux-6.18.44-x86_64-with-glibc2.41
legacy_biquad,96000,384000,10000.0,0.7,9996.09,7.46919,finite,Debug,Linux-6.18.44-x86_64-with-glibc2.41
experimental_tpt,96000,384000,10000.0,0.7,9996.09,4.10228,finite,Debug,Linux-6.18.44-x86_64-with-glibc2.41
legacy_biquad,96000,384000,10000.0,0.7,20003.9,-13.7391,finite,Debug,Linux-6.18.44-x86_64-with-glibc2.41
experimental_tpt,96000,384000,10000.0,0.7,20003.9,-8.73043,finite,Debug,Linux-6.18.44-x86_64-with-glibc2.41
legacy_biquad,44100,176400,80.0,0.2,43.0664,0.514562,finite,Release,Linux-6.18.44-x86_64-with-glibc2.41
experimental_tpt,44100,176400,80.0,0.2,43.0664,-5.4647,finite,Release,Linux-6.18.44-x86_64-with-glibc2.41
legacy_biquad,44100,176400,80.0,0.2,80.7495,1.60112,finite,Release,Linux-6.18.44-x86_64-with-glibc2.41
experimental_tpt,44100,176400,80.0,0.2,80.7495,-3.20296,finite,Release,Linux-6.18.44-x86_64-with-glibc2.41
legacy_biquad,44100,176400,80.0,0.2,161.499,-11.9391,finite,Release,Linux-6.18.44-x86_64-with-glibc2.41
experimental_tpt,44100,176400,80.0,0.2,161.499,-9.28377,finite,Release,Linux-6.18.44-x86_64-with-glibc2.41
legacy_biquad,44100,176400,80.0,0.7,43.0664,-1.03494,finite,Release,Linux-6.18.44-x86_64-with-glibc2.41
experimental_tpt,44100,176400,80.0,0.7,43.0664,-1.81281,finite,Release,Linux-6.18.44-x86_64-with-glibc2.41
legacy_biquad,44100,176400,80.0,0.7,80.7495,7.33945,finite,Release,Linux-6.18.44-x86_64-with-glibc2.41
experimental_tpt,44100,176400,80.0,0.7,80.7495,3.86464,finite,Release,Linux-6.18.44-x86_64-with-glibc2.41
legacy_biquad,44100,176400,80.0,0.7,161.499,-13.748,finite,Release,Linux-6.18.44-x86_64-with-glibc2.41
experimental_tpt,44100,176400,80.0,0.7,161.499,-8.87093,finite,Release,Linux-6.18.44-x86_64-with-glibc2.41
legacy_biquad,44100,176400,1000.0,0.2,500.647,0.534199,finite,Release,Linux-6.18.44-x86_64-with-glibc2.41
experimental_tpt,44100,176400,1000.0,0.2,500.647,-5.31438,finite,Release,Linux-6.18.44-x86_64-with-glibc2.41
legacy_biquad,44100,176400,1000.0,0.2,1001.29,1.70914,finite,Release,Linux-6.18.44-x86_64-with-glibc2.41
experimental_tpt,44100,176400,1000.0,0.2,1001.29,-3.1346,finite,Release,Linux-6.18.44-x86_64-with-glibc2.41
legacy_biquad,44100,176400,1000.0,0.2,2002.59,-11.7776,finite,Release,Linux-6.18.44-x86_64-with-glibc2.41
experimental_tpt,44100,176400,1000.0,0.2,2002.59,-9.04034,finite,Release,Linux-6.18.44-x86_64-with-glibc2.41
legacy_biquad,44100,176400,1000.0,0.7,500.647,-1.25694,finite,Release,Linux-6.18.44-x86_64-with-glibc2.41
experimental_tpt,44100,176400,1000.0,0.7,500.647,-1.79465,finite,Release,Linux-6.18.44-x86_64-with-glibc2.41
legacy_biquad,44100,176400,1000.0,0.7,1001.29,7.44625,finite,Release,Linux-6.18.44-x86_64-with-glibc2.41
experimental_tpt,44100,176400,1000.0,0.7,1001.29,3.84911,finite,Release,Linux-6.18.44-x86_64-with-glibc2.41
legacy_biquad,44100,176400,1000.0,0.7,2002.59,-13.6188,finite,Release,Linux-6.18.44-x86_64-with-glibc2.41
experimental_tpt,44100,176400,1000.0,0.7,2002.59,-8.65709,finite,Release,Linux-6.18.44-x86_64-with-glibc2.41
legacy_biquad,44100,176400,10000.0,0.2,5001.09,0.506924,finite,Release,Linux-6.18.44-x86_64-with-glibc2.41
experimental_tpt,44100,176400,10000.0,0.2,5001.09,-5.2313,finite,Release,Linux-6.18.44-x86_64-with-glibc2.41
legacy_biquad,44100,176400,10000.0,0.2,10002.2,1.71739,finite,Release,Linux-6.18.44-x86_64-with-glibc2.41
experimental_tpt,44100,176400,10000.0,0.2,10002.2,-2.43909,finite,Release,Linux-6.18.44-x86_64-with-glibc2.41
legacy_biquad,44100,176400,10000.0,0.2,19999.0,-12.4179,finite,Release,Linux-6.18.44-x86_64-with-glibc2.41
experimental_tpt,44100,176400,10000.0,0.2,19999.0,-9.06725,finite,Release,Linux-6.18.44-x86_64-with-glibc2.41
legacy_biquad,44100,176400,10000.0,0.7,5001.09,-1.30414,finite,Release,Linux-6.18.44-x86_64-with-glibc2.41
experimental_tpt,44100,176400,10000.0,0.7,5001.09,-1.77916,finite,Release,Linux-6.18.44-x86_64-with-glibc2.41
legacy_biquad,44100,176400,10000.0,0.7,10002.2,7.45819,finite,Release,Linux-6.18.44-x86_64-with-glibc2.41
experimental_tpt,44100,176400,10000.0,0.7,10002.2,4.53369,finite,Release,Linux-6.18.44-x86_64-with-glibc2.41
legacy_biquad,44100,176400,10000.0,0.7,19999.0,-14.3221,finite,Release,Linux-6.18.44-x86_64-with-glibc2.41
experimental_tpt,44100,176400,10000.0,0.7,19999.0,-9.30436,finite,Release,Linux-6.18.44-x86_64-with-glibc2.41
legacy_biquad,48000,192000,80.0,0.2,46.875,0.797841,finite,Release,Linux-6.18.44-x86_64-with-glibc2.41
experimental_tpt,48000,192000,80.0,0.2,46.875,-5.33281,finite,Release,Linux-6.18.44-x86_64-with-glibc2.41
legacy_biquad,48000,192000,80.0,0.2,82.0312,1.39657,finite,Release,Linux-6.18.44-x86_64-with-glibc2.41
experimental_tpt,48000,192000,80.0,0.2,82.0312,-3.17797,finite,Release,Linux-6.18.44-x86_64-with-glibc2.41
legacy_biquad,48000,192000,80.0,0.2,158.203,-11.5297,finite,Release,Linux-6.18.44-x86_64-with-glibc2.41
experimental_tpt,48000,192000,80.0,0.2,158.203,-8.85377,finite,Release,Linux-6.18.44-x86_64-with-glibc2.41
legacy_biquad,48000,192000,80.0,0.7,46.875,-0.443974,finite,Release,Linux-6.18.44-x86_64-with-glibc2.41
experimental_tpt,48000,192000,80.0,0.7,46.875,-1.49855,finite,Release,Linux-6.18.44-x86_64-with-glibc2.41
legacy_biquad,48000,192000,80.0,0.7,82.0312,6.97669,finite,Release,Linux-6.18.44-x86_64-with-glibc2.41
experimental_tpt,48000,192000,80.0,0.7,82.0312,4.05246,finite,Release,Linux-6.18.44-x86_64-with-glibc2.41
legacy_biquad,48000,192000,80.0,0.7,158.203,-13.2952,finite,Release,Linux-6.18.44-x86_64-with-glibc2.41
experimental_tpt,48000,192000,80.0,0.7,158.203,-8.36308,finite,Release,Linux-6.18.44-x86_64-with-glibc2.41
legacy_biquad,48000,192000,1000.0,0.2,498.047,0.516719,finite,Release,Linux-6.18.44-x86_64-with-glibc2.41
experimental_tpt,48000,192000,1000.0,0.2,498.047,-5.32478,finite,Release,Linux-6.18.44-x86_64-with-glibc2.41
legacy_biquad,48000,192000,1000.0,0.2,1001.95,1.70273,finite,Release,Linux-6.18.44-x86_64-with-glibc2.41
experimental_tpt,48000,192000,1000.0,0.2,1001.95,-3.13818,finite,Release,Linux-6.18.44-x86_64-with-glibc2.41
legacy_biquad,48000,192000,1000.0,0.2,1998.05,-11.73,finite,Release,Linux-6.18.44-x86_64-with-glibc2.41
experimental_tpt,48000,192000,1000.0,0.2,1998.05,-8.99643,finite,Release,Linux-6.18.44-x86_64-with-glibc2.41
legacy_biquad,48000,192000,1000.0,0.7,498.047,-1.28626,finite,Release,Linux-6.18.44-x86_64-with-glibc2.41
experimental_tpt,48000,192000,1000.0,0.7,498.047,-1.8126,finite,Release,Linux-6.18.44-x86_64-with-glibc2.41
legacy_biquad,48000,192000,1000.0,0.7,1001.95,7.43686,finite,Release,Linux-6.18.44-x86_64-with-glibc2.41
experimental_tpt,48000,192000,1000.0,0.7,1001.95,3.85248,finite,Release,Linux-6.18.44-x86_64-with-glibc2.41
legacy_biquad,48000,192000,1000.0,0.7,1998.05,-13.5662,finite,Release,Linux-6.18.44-x86_64-with-glibc2.41
experimental_tpt,48000,192000,1000.0,0.7,1998.05,-8.59979,finite,Release,Linux-6.18.44-x86_64-with-glibc2.41
legacy_biquad,48000,192000,10000.0,0.2,4998.05,0.508941,finite,Release,Linux-6.18.44-x86_64-with-glibc2.41
experimental_tpt,48000,192000,10000.0,0.2,4998.05,-5.23831,finite,Release,Linux-6.18.44-x86_64-with-glibc2.41
legacy_biquad,48000,192000,10000.0,0.2,10002.0,1.71802,finite,Release,Linux-6.18.44-x86_64-with-glibc2.41
experimental_tpt,48000,192000,10000.0,0.2,10002.0,-2.50276,finite,Release,Linux-6.18.44-x86_64-with-glibc2.41
legacy_biquad,48000,192000,10000.0,0.2,19998.0,-12.3087,finite,Release,Linux-6.18.44-x86_64-with-glibc2.41
experimental_tpt,48000,192000,10000.0,0.2,19998.0,-8.99928,finite,Release,Linux-6.18.44-x86_64-with-glibc2.41
legacy_biquad,48000,192000,10000.0,0.7,4998.05,-1.30075,finite,Release,Linux-6.18.44-x86_64-with-glibc2.41
experimental_tpt,48000,192000,10000.0,0.7,4998.05,-1.78065,finite,Release,Linux-6.18.44-x86_64-with-glibc2.41
legacy_biquad,48000,192000,10000.0,0.7,10002.0,7.45905,finite,Release,Linux-6.18.44-x86_64-with-glibc2.41
experimental_tpt,48000,192000,10000.0,0.7,10002.0,4.46968,finite,Release,Linux-6.18.44-x86_64-with-glibc2.41
legacy_biquad,48000,192000,10000.0,0.7,19998.0,-14.2026,finite,Release,Linux-6.18.44-x86_64-with-glibc2.41
experimental_tpt,48000,192000,10000.0,0.7,19998.0,-9.18111,finite,Release,Linux-6.18.44-x86_64-with-glibc2.41
legacy_biquad,96000,384000,80.0,0.2,93.75,-0.941397,finite,Release,Linux-6.18.44-x86_64-with-glibc2.41
experimental_tpt,96000,384000,80.0,0.2,93.75,-3.10274,finite,Release,Linux-6.18.44-x86_64-with-glibc2.41
legacy_biquad,96000,384000,80.0,0.2,93.75,-0.941397,finite,Release,Linux-6.18.44-x86_64-with-glibc2.41
experimental_tpt,96000,384000,80.0,0.2,93.75,-3.10274,finite,Release,Linux-6.18.44-x86_64-with-glibc2.41
legacy_biquad,96000,384000,80.0,0.2,164.062,-12.3985,finite,Release,Linux-6.18.44-x86_64-with-glibc2.41
experimental_tpt,96000,384000,80.0,0.2,164.062,-9.76037,finite,Release,Linux-6.18.44-x86_64-with-glibc2.41
legacy_biquad,96000,384000,80.0,0.7,93.75,1.68351,finite,Release,Linux-6.18.44-x86_64-with-glibc2.41
experimental_tpt,96000,384000,80.0,0.7,93.75,4.86391,finite,Release,Linux-6.18.44-x86_64-with-glibc2.41
legacy_biquad,96000,384000,80.0,0.7,93.75,1.68351,finite,Release,Linux-6.18.44-x86_64-with-glibc2.41
experimental_tpt,96000,384000,80.0,0.7,93.75,4.86391,finite,Release,Linux-6.18.44-x86_64-with-glibc2.41
legacy_biquad,96000,384000,80.0,0.7,164.062,-14.271,finite,Release,Linux-6.18.44-x86_64-with-glibc2.41
experimental_tpt,96000,384000,80.0,0.7,164.062,-9.40626,finite,Release,Linux-6.18.44-x86_64-with-glibc2.41
legacy_biquad,96000,384000,1000.0,0.2,503.906,0.540689,finite,Release,Linux-6.18.44-x86_64-with-glibc2.41
experimental_tpt,96000,384000,1000.0,0.2,503.906,-5.32466,finite,Release,Linux-6.18.44-x86_64-with-glibc2.41
legacy_biquad,96000,384000,1000.0,0.2,996.094,1.75444,finite,Release,Linux-6.18.44-x86_64-with-glibc2.41
experimental_tpt,96000,384000,1000.0,0.2,996.094,-3.20111,finite,Release,Linux-6.18.44-x86_64-with-glibc2.41
legacy_biquad,96000,384000,1000.0,0.2,2003.91,-11.7875,finite,Release,Linux-6.18.44-x86_64-with-glibc2.41
experimental_tpt,96000,384000,1000.0,0.2,2003.91,-9.09292,finite,Release,Linux-6.18.44-x86_64-with-glibc2.41
legacy_biquad,96000,384000,1000.0,0.7,503.906,-1.23518,finite,Release,Linux-6.18.44-x86_64-with-glibc2.41
experimental_tpt,96000,384000,1000.0,0.7,503.906,-1.791,finite,Release,Linux-6.18.44-x86_64-with-glibc2.41
legacy_biquad,96000,384000,1000.0,0.7,996.094,7.50915,finite,Release,Linux-6.18.44-x86_64-with-glibc2.41
experimental_tpt,96000,384000,1000.0,0.7,996.094,3.72743,finite,Release,Linux-6.18.44-x86_64-with-glibc2.41
legacy_biquad,96000,384000,1000.0,0.7,2003.91,-13.6295,finite,Release,Linux-6.18.44-x86_64-with-glibc2.41
experimental_tpt,96000,384000,1000.0,0.7,2003.91,-8.67785,finite,Release,Linux-6.18.44-x86_64-with-glibc2.41
legacy_biquad,96000,384000,10000.0,0.2,5003.91,0.528701,finite,Release,Linux-6.18.44-x86_64-with-glibc2.41
experimental_tpt,96000,384000,10000.0,0.2,5003.91,-5.2758,finite,Release,Linux-6.18.44-x86_64-with-glibc2.41
legacy_biquad,96000,384000,10000.0,0.2,9996.09,1.72534,finite,Release,Linux-6.18.44-x86_64-with-glibc2.41
experimental_tpt,96000,384000,10000.0,0.2,9996.09,-2.86326,finite,Release,Linux-6.18.44-x86_64-with-glibc2.41
legacy_biquad,96000,384000,10000.0,0.2,20003.9,-11.8866,finite,Release,Linux-6.18.44-x86_64-with-glibc2.41
experimental_tpt,96000,384000,10000.0,0.2,20003.9,-8.87276,finite,Release,Linux-6.18.44-x86_64-with-glibc2.41
legacy_biquad,96000,384000,10000.0,0.7,5003.91,-1.26719,finite,Release,Linux-6.18.44-x86_64-with-glibc2.41
experimental_tpt,96000,384000,10000.0,0.7,5003.91,-1.78188,finite,Release,Linux-6.18.44-x86_64-with-glibc2.41
legacy_biquad,96000,384000,10000.0,0.7,9996.09,7.46919,finite,Release,Linux-6.18.44-x86_64-with-glibc2.41
experimental_tpt,96000,384000,10000.0,0.7,9996.09,4.10228,finite,Release,Linux-6.18.44-x86_64-with-glibc2.41
legacy_biquad,96000,384000,10000.0,0.7,20003.9,-13.7391,finite,Release,Linux-6.18.44-x86_64-with-glibc2.41
experimental_tpt,96000,384000,10000.0,0.7,20003.9,-8.73043,finite,Release,Linux-6.18.44-x86_64-with-glibc2.41
