build_type,repetition,samples,three_exp2_seconds,one_exp2_seconds,speedup,max_relative_cutoff_error,max_absolute_audio_difference
Debug,1,262144,0.00647271,0.00594687,1.088,6.04946e-7,3.33786e-6
Debug,2,262144,0.00665565,0.00599301,1.111,6.04946e-7,3.33786e-6
Debug,3,262144,0.00617580,0.00594966,1.038,6.04946e-7,3.33786e-6
Debug,4,262144,0.00590959,0.00603777,0.979,6.04946e-7,3.33786e-6
Debug,5,262144,0.00602514,0.00589665,1.022,6.04946e-7,3.33786e-6
Release,1,262144,0.00344447,0.00147705,2.332,6.04946e-7,3.33786e-6
Release,2,262144,0.00342333,0.00168560,2.031,6.04946e-7,3.33786e-6
Release,3,262144,0.00325272,0.00171901,1.892,6.04946e-7,3.33786e-6
Release,4,262144,0.00326925,0.00151289,2.161,6.04946e-7,3.33786e-6
Release,5,262144,0.00330344,0.00153587,2.151,6.04946e-7,3.33786e-6
