sample_rate,frequency_hz,enabled_stage_mask_input_hp_dc_tr7_output,gain_db,phase_degrees
44100,8.18,0,0.0,0.0
44100,8.18,1,-13.939322862405199,134.96660575958924
44100,8.18,2,-8.424915647836057,134.96660575958924
44100,8.18,3,-22.364238510241258,269.9332115191785
44100,8.18,4,-8.82127625101079,134.96660575958924
44100,8.18,5,-22.760599113415992,269.9332115191785
44100,8.18,6,-17.24619189884685,269.9332115191785
44100,8.18,7,-31.185514761252048,404.8998172787677
44100,8.18,8,-0.7318895342896147,134.96660575958924
44100,8.18,9,-14.671212396694813,269.9332115191785
44100,8.18,10,-9.156805182125671,269.9332115191785
44100,8.18,11,-23.09612804453087,404.8998172787677
44100,8.18,12,-9.553165785300404,269.9332115191785
44100,8.18,13,-23.492488647705603,404.8998172787677
44100,8.18,14,-17.978081433136467,404.8998172787677
44100,8.18,15,-31.917404295541658,539.866423038357
44100,10.3,0,0.0,0.0
44100,10.3,1,-12.038536043230339,134.95794890118052
44100,10.3,2,-6.77316070905487,134.95794890118052
44100,10.3,3,-18.811696752285208,269.91589780236103
44100,10.3,4,-7.140049324132914,134.95794890118052
44100,10.3,5,-19.17858536736325,269.91589780236103
44100,10.3,6,-13.91321003318778,269.91589780236103
44100,10.3,7,-25.95174607641812,404.8738467035415
44100,10.3,8,-0.4750339184205416,134.95794890118052
44100,10.3,9,-12.513569961650878,269.91589780236103
44100,10.3,10,-7.24819462747541,269.91589780236103
44100,10.3,11,-19.286730670705747,404.8738467035415
44100,10.3,12,-7.615083242553455,269.91589780236103
44100,10.3,13,-19.65361928578379,404.8738467035415
44100,10.3,14,-14.388243951608324,404.8738467035415
44100,10.3,15,-26.42677999483866,539.8317956047221
44100,16.35,0,0.0,0.0
44100,16.35,1,-8.417099325173911,134.93323939659714
44100,16.35,2,-3.960630184295837,134.93323939659714
44100,16.35,3,-12.377729509469749,269.8664787931943
44100,16.35,4,-4.241520255583061,134.93323939659714
44100,16.35,5,-12.658619580756973,269.8664787931943
44100,16.35,6,-8.202150439878897,269.8664787931943
44100,16.35,7,-16.61924976505281,404.7997181897914
44100,16.35,8,-0.1935328653381735,134.93323939659714
44100,16.35,9,-8.610632190512085,269.8664787931943
44100,16.35,10,-4.15416304963401,269.8664787931943
44100,16.35,11,-12.57126237480792,404.7997181897914
44100,16.35,12,-4.435053120921236,269.8664787931943
44100,16.35,13,-12.852152446095147,404.7997181897914
44100,16.35,14,-8.395683305217071,404.7997181897914
44100,16.35,15,-16.812782630390984,539.7329575863886
44100,20,0,0.0,0.0
44100,20,1,-6.9649612064479385,134.91832857799793
44100,20,2,-2.9979275995490444,134.91832857799793
44100,20,3,-9.962888805996982,269.83665715599585
44100,20,4,-3.2333658601257733,134.91832857799793
44100,20,5,-10.198327066573711,269.83665715599585
44100,20,6,-6.231293459674818,269.83665715599585
44100,20,7,-13.196254666122755,404.7549857339938
44100,20,8,-0.12959127897327388,134.91832857799793
44100,20,9,-7.094552485421213,269.83665715599585
44100,20,10,-3.1275188785223182,269.83665715599585
44100,20,11,-10.092480084970257,404.7549857339938
44100,20,12,-3.3629571390990467,269.83665715599585
44100,20,13,-10.327918345546987,404.7549857339938
44100,20,14,-6.360884738648092,404.7549857339938
44100,20,15,-13.325845945096031,539.6733143119917
44100,30,0,0.0,0.0
44100,30,1,-4.412236155420923,134.87746379029105
44100,30,2,-1.5846360715859324,134.87746379029105
44100,30,3,-5.996872227006856,269.7549275805821
44100,30,4,-1.7307749984702543,134.87746379029105
44100,30,5,-6.1430111538911785,269.7549275805821
44100,30,6,-3.315411070056187,269.7549275805821
44100,30,7,-7.727647225477109,404.63239137087317
44100,30,8,-0.056883571471187305,134.87746379029105
44100,30,9,-4.469119726892109,269.7549275805821
44100,30,10,-1.6415196430571197,269.7549275805821
44100,30,11,-6.053755798478042,404.63239137087317
44100,30,12,-1.7876585699414413,269.7549275805821
44100,30,13,-6.199894725362364,404.63239137087317
44100,30,14,-3.3722946415273736,404.63239137087317
44100,30,15,-7.784530796948297,539.5098551611642
44100,40,0,0.0,0.0
44100,40,1,-2.9855611197419796,134.8365796181147
44100,40,2,-0.9567277729934369,134.8365796181147
44100,40,3,-3.942288892735416,269.6731592362294
44100,40,4,-1.0520452021558222,134.8365796181147
44100,40,5,-4.037606321897802,269.6731592362294
44100,40,6,-2.008772975149259,269.6731592362294
44100,40,7,-4.994334094891239,404.50973885434416
44100,40,8,-0.03114554645503946,134.8365796181147
44100,40,9,-3.016706666197018,269.6731592362294
44100,40,10,-0.9878733194484762,269.6731592362294
44100,40,11,-3.9734344391904552,404.50973885434416
44100,40,12,-1.0831907486108618,269.6731592362294
44100,40,13,-4.068751868352841,404.50973885434416
44100,40,14,-2.0399185216042985,404.50973885434416
44100,40,15,-5.025479641346279,539.3463184724588
44100,60,0,0.0,0.0
44100,60,1,-1.5722695918011296,134.75475312034953
44100,60,2,-0.44520254852561053,134.75475312034953
44100,60,3,-2.01747214032674,269.50950624069907
44100,60,4,-0.49279006508727435,134.75475312034953
44100,60,5,-2.0650596568884043,269.50950624069907
44100,60,6,-0.9379926136128846,269.50950624069907
44100,60,7,-2.510262205414015,404.2642593610486
44100,60,8,-0.012667404494816565,134.75475312034953
44100,60,9,-1.584936996295946,269.50950624069907
44100,60,10,-0.4578699530204266,269.50950624069907
44100,60,11,-2.030139544821557,404.2642593610486
44100,60,12,-0.5054574695820911,269.50950624069907
44100,60,13,-2.077727061383221,404.2642593610486
44100,60,14,-0.950660018107701,404.2642593610486
44100,60,15,-2.5229296099088314,539.0190124813981
44100,100,0,0.0,0.0
44100,100,1,-0.6198410554715216,134.59086751117488
44100,100,2,-0.15796103592574523,134.59086751117488
44100,100,3,-0.7778020913972665,269.18173502234976
44100,100,4,-0.17591342027589968,134.59086751117488
44100,100,5,-0.7957544757474212,269.18173502234976
44100,100,6,-0.33387445620164496,269.18173502234976
44100,100,7,-0.9537155116731666,403.7726025335246
44100,100,8,-0.003176076648868041,134.59086751117488
44100,100,9,-0.6230171321203899,269.18173502234976
44100,100,10,-0.16113711257461336,269.18173502234976
44100,100,11,-0.7809781680461343,403.7726025335246
44100,100,12,-0.17908949692476794,269.18173502234976
44100,100,13,-0.7989305523962896,403.7726025335246
44100,100,14,-0.3370505328505131,403.7726025335246
44100,100,15,-0.9568915883220344,538.3634700446995
