environment,host_sample_rate,internal_sample_rate,block_size,rendered_samples,elapsed_seconds,ns_per_sample,realtime_factor,resonance,cutoff_mode,estimated_coefficient_updates
Linux-6.18.44-x86_64-with-glibc2.41,44100,44100,64,6615,0.005910937999999533,893.5658352229074,25.376683023914623,0.1,static,6615
Linux-6.18.44-x86_64-with-glibc2.41,44100,44100,64,6615,0.006121366999991551,925.3767195754423,24.50433048699858,0.1,modulated,6615
Linux-6.18.44-x86_64-with-glibc2.41,44100,44100,64,6615,0.006425901999989492,971.4137566121681,23.3430263953987,0.8,static,6615
Linux-6.18.44-x86_64-with-glibc2.41,44100,44100,64,6615,0.0071175090000110686,1075.9650793667527,21.07478894649332,0.8,modulated,6615
Linux-6.18.44-x86_64-with-glibc2.41,48000,48000,64,7200,0.005621936000011374,780.8244444460242,26.681200212826422,0.1,static,7200
Linux-6.18.44-x86_64-with-glibc2.41,48000,48000,64,7200,0.008008237000012741,1112.2551388906586,18.73071438816825,0.1,modulated,7200
Linux-6.18.44-x86_64-with-glibc2.41,48000,48000,64,7200,0.006736151999973572,935.5766666629961,22.26790606871527,0.8,static,7200
Linux-6.18.44-x86_64-with-glibc2.41,48000,48000,64,7200,0.006656525999972018,924.5174999961137,22.534276888669936,0.8,modulated,7200
Linux-6.18.44-x86_64-with-glibc2.41,96000,96000,64,14400,0.01140444899999693,791.9756249997869,13.152761698530142,0.1,static,14400
Linux-6.18.44-x86_64-with-glibc2.41,96000,96000,64,14400,0.013753348999955506,955.0936805524657,10.906434498280039,0.1,modulated,14400
Linux-6.18.44-x86_64-with-glibc2.41,96000,96000,64,14400,0.012979966000045806,901.3865277809588,11.556270640421603,0.8,static,14400
Linux-6.18.44-x86_64-with-glibc2.41,96000,96000,64,14400,0.013846194999985073,961.5413194434078,10.833301134366641,0.8,modulated,14400
