model,sample_rate,cutoff_hz,resonance,input_peak_amplitude,harmonic_number,harmonic_db
Original_empirical_polynomial,44100,100,0.1,0.05,1,-26.020599913279625
Original_empirical_polynomial,44100,100,0.1,0.05,2,-240.0
Original_empirical_polynomial,44100,100,0.1,0.05,3,-134.53997455872525
Original_empirical_polynomial,44100,100,0.1,0.05,4,-240.0
Original_empirical_polynomial,44100,100,0.1,0.05,5,-240.0
Original_empirical_polynomial,44100,100,0.1,0.05,6,-240.0
Original_empirical_polynomial,44100,100,0.1,0.05,7,-240.0
Original_empirical_polynomial,44100,100,0.1,0.05,8,-240.0
Original_empirical_polynomial,44100,1000,0.1,0.05,1,-26.020599913279625
Original_empirical_polynomial,44100,1000,0.1,0.05,2,-240.0
Original_empirical_polynomial,44100,1000,0.1,0.05,3,-134.53997455872525
Original_empirical_polynomial,44100,1000,0.1,0.05,4,-240.0
Original_empirical_polynomial,44100,1000,0.1,0.05,5,-240.0
Original_empirical_polynomial,44100,1000,0.1,0.05,6,-240.0
Original_empirical_polynomial,44100,1000,0.1,0.05,7,-240.0
Original_empirical_polynomial,44100,1000,0.1,0.05,8,-240.0
Original_empirical_polynomial,44100,8000,0.1,0.05,1,-26.020599913279625
Original_empirical_polynomial,44100,8000,0.1,0.05,2,-240.0
Original_empirical_polynomial,44100,8000,0.1,0.05,3,-134.53997455872525
Original_empirical_polynomial,44100,8000,0.1,0.05,4,-240.0
Original_empirical_polynomial,44100,8000,0.1,0.05,5,-240.0
Original_empirical_polynomial,44100,8000,0.1,0.05,6,-240.0
Original_empirical_polynomial,44100,8000,0.1,0.05,7,-240.0
Original_empirical_polynomial,44100,8000,0.1,0.05,8,-240.0
Original_empirical_polynomial,44100,100,0.5,0.05,1,-26.020599913279625
Original_empirical_polynomial,44100,100,0.5,0.05,2,-240.0
Original_empirical_polynomial,44100,100,0.5,0.05,3,-120.56057447200487
Original_empirical_polynomial,44100,100,0.5,0.05,4,-240.0
Original_empirical_polynomial,44100,100,0.5,0.05,5,-240.0
Original_empirical_polynomial,44100,100,0.5,0.05,6,-240.0
Original_empirical_polynomial,44100,100,0.5,0.05,7,-240.0
Original_empirical_polynomial,44100,100,0.5,0.05,8,-240.0
Original_empirical_polynomial,44100,1000,0.5,0.05,1,-26.020599913279625
Original_empirical_polynomial,44100,1000,0.5,0.05,2,-240.0
Original_empirical_polynomial,44100,1000,0.5,0.05,3,-120.56057447200487
Original_empirical_polynomial,44100,1000,0.5,0.05,4,-240.0
Original_empirical_polynomial,44100,1000,0.5,0.05,5,-240.0
Original_empirical_polynomial,44100,1000,0.5,0.05,6,-240.0
Original_empirical_polynomial,44100,1000,0.5,0.05,7,-240.0
Original_empirical_polynomial,44100,1000,0.5,0.05,8,-240.0
Original_empirical_polynomial,44100,8000,0.5,0.05,1,-26.020599913279625
Original_empirical_polynomial,44100,8000,0.5,0.05,2,-240.0
Original_empirical_polynomial,44100,8000,0.5,0.05,3,-120.56057447200487
Original_empirical_polynomial,44100,8000,0.5,0.05,4,-240.0
Original_empirical_polynomial,44100,8000,0.5,0.05,5,-240.0
Original_empirical_polynomial,44100,8000,0.5,0.05,6,-240.0
Original_empirical_polynomial,44100,8000,0.5,0.05,7,-240.0
Original_empirical_polynomial,44100,8000,0.5,0.05,8,-240.0
Original_empirical_polynomial,44100,100,0.8,0.05,1,-26.020599913279625
Original_empirical_polynomial,44100,100,0.8,0.05,2,-240.0
Original_empirical_polynomial,44100,100,0.8,0.05,3,-116.47817481888637
Original_empirical_polynomial,44100,100,0.8,0.05,4,-240.0
Original_empirical_polynomial,44100,100,0.8,0.05,5,-240.0
Original_empirical_polynomial,44100,100,0.8,0.05,6,-240.0
Original_empirical_polynomial,44100,100,0.8,0.05,7,-240.0
Original_empirical_polynomial,44100,100,0.8,0.05,8,-240.0
Original_empirical_polynomial,44100,1000,0.8,0.05,1,-26.020599913279625
Original_empirical_polynomial,44100,1000,0.8,0.05,2,-240.0
Original_empirical_polynomial,44100,1000,0.8,0.05,3,-116.47817481888637
Original_empirical_polynomial,44100,1000,0.8,0.05,4,-240.0
Original_empirical_polynomial,44100,1000,0.8,0.05,5,-240.0
Original_empirical_polynomial,44100,1000,0.8,0.05,6,-240.0
Original_empirical_polynomial,44100,1000,0.8,0.05,7,-240.0
Original_empirical_polynomial,44100,1000,0.8,0.05,8,-240.0
Original_empirical_polynomial,44100,8000,0.8,0.05,1,-26.020599913279625
Original_empirical_polynomial,44100,8000,0.8,0.05,2,-240.0
Original_empirical_polynomial,44100,8000,0.8,0.05,3,-116.47817481888637
Original_empirical_polynomial,44100,8000,0.8,0.05,4,-240.0
Original_empirical_polynomial,44100,8000,0.8,0.05,5,-240.0
Original_empirical_polynomial,44100,8000,0.8,0.05,6,-240.0
Original_empirical_polynomial,44100,8000,0.8,0.05,7,-240.0
Original_empirical_polynomial,44100,8000,0.8,0.05,8,-240.0
Original_empirical_polynomial,44100,100,0.1,0.2,1,-13.979400086720375
Original_empirical_polynomial,44100,100,0.1,0.2,2,-240.0
Original_empirical_polynomial,44100,100,0.1,0.2,3,-98.4163750790475
Original_empirical_polynomial,44100,100,0.1,0.2,4,-240.0
Original_empirical_polynomial,44100,100,0.1,0.2,5,-240.0
Original_empirical_polynomial,44100,100,0.1,0.2,6,-240.0
Original_empirical_polynomial,44100,100,0.1,0.2,7,-240.0
Original_empirical_polynomial,44100,100,0.1,0.2,8,-240.0
Original_empirical_polynomial,44100,1000,0.1,0.2,1,-13.979400086720375
Original_empirical_polynomial,44100,1000,0.1,0.2,2,-240.0
Original_empirical_polynomial,44100,1000,0.1,0.2,3,-98.4163750790475
Original_empirical_polynomial,44100,1000,0.1,0.2,4,-240.0
Original_empirical_polynomial,44100,1000,0.1,0.2,5,-240.0
Original_empirical_polynomial,44100,1000,0.1,0.2,6,-240.0
Original_empirical_polynomial,44100,1000,0.1,0.2,7,-240.0
Original_empirical_polynomial,44100,1000,0.1,0.2,8,-240.0
Original_empirical_polynomial,44100,8000,0.1,0.2,1,-13.979400086720375
Original_empirical_polynomial,44100,8000,0.1,0.2,2,-240.0
Original_empirical_polynomial,44100,8000,0.1,0.2,3,-98.4163750790475
Original_empirical_polynomial,44100,8000,0.1,0.2,4,-240.0
Original_empirical_polynomial,44100,8000,0.1,0.2,5,-240.0
Original_empirical_polynomial,44100,8000,0.1,0.2,6,-240.0
Original_empirical_polynomial,44100,8000,0.1,0.2,7,-240.0
Original_empirical_polynomial,44100,8000,0.1,0.2,8,-240.0
Original_empirical_polynomial,44100,100,0.5,0.2,1,-13.979400086720375
Original_empirical_polynomial,44100,100,0.5,0.2,2,-240.0
Original_empirical_polynomial,44100,100,0.5,0.2,3,-84.43697499232712
Original_empirical_polynomial,44100,100,0.5,0.2,4,-240.0
Original_empirical_polynomial,44100,100,0.5,0.2,5,-240.0
Original_empirical_polynomial,44100,100,0.5,0.2,6,-240.0
Original_empirical_polynomial,44100,100,0.5,0.2,7,-240.0
Original_empirical_polynomial,44100,100,0.5,0.2,8,-240.0
Original_empirical_polynomial,44100,1000,0.5,0.2,1,-13.979400086720375
Original_empirical_polynomial,44100,1000,0.5,0.2,2,-240.0
Original_empirical_polynomial,44100,1000,0.5,0.2,3,-84.43697499232712
Original_empirical_polynomial,44100,1000,0.5,0.2,4,-240.0
Original_empirical_polynomial,44100,1000,0.5,0.2,5,-240.0
Original_empirical_polynomial,44100,1000,0.5,0.2,6,-240.0
Original_empirical_polynomial,44100,1000,0.5,0.2,7,-240.0
Original_empirical_polynomial,44100,1000,0.5,0.2,8,-240.0
Original_empirical_polynomial,44100,8000,0.5,0.2,1,-13.979400086720375
Original_empirical_polynomial,44100,8000,0.5,0.2,2,-240.0
Original_empirical_polynomial,44100,8000,0.5,0.2,3,-84.43697499232712
Original_empirical_polynomial,44100,8000,0.5,0.2,4,-240.0
Original_empirical_polynomial,44100,8000,0.5,0.2,5,-240.0
Original_empirical_polynomial,44100,8000,0.5,0.2,6,-240.0
Original_empirical_polynomial,44100,8000,0.5,0.2,7,-240.0
Original_empirical_polynomial,44100,8000,0.5,0.2,8,-240.0
Original_empirical_polynomial,44100,100,0.8,0.2,1,-13.979400086720375
Original_empirical_polynomial,44100,100,0.8,0.2,2,-240.0
Original_empirical_polynomial,44100,100,0.8,0.2,3,-80.35457533920862
Original_empirical_polynomial,44100,100,0.8,0.2,4,-240.0
Original_empirical_polynomial,44100,100,0.8,0.2,5,-240.0
Original_empirical_polynomial,44100,100,0.8,0.2,6,-240.0
Original_empirical_polynomial,44100,100,0.8,0.2,7,-240.0
Original_empirical_polynomial,44100,100,0.8,0.2,8,-240.0
Original_empirical_polynomial,44100,1000,0.8,0.2,1,-13.979400086720375
Original_empirical_polynomial,44100,1000,0.8,0.2,2,-240.0
Original_empirical_polynomial,44100,1000,0.8,0.2,3,-80.35457533920862
Original_empirical_polynomial,44100,1000,0.8,0.2,4,-240.0
Original_empirical_polynomial,44100,1000,0.8,0.2,5,-240.0
Original_empirical_polynomial,44100,1000,0.8,0.2,6,-240.0
Original_empirical_polynomial,44100,1000,0.8,0.2,7,-240.0
Original_empirical_polynomial,44100,1000,0.8,0.2,8,-240.0
Original_empirical_polynomial,44100,8000,0.8,0.2,1,-13.979400086720375
Original_empirical_polynomial,44100,8000,0.8,0.2,2,-240.0
Original_empirical_polynomial,44100,8000,0.8,0.2,3,-80.35457533920862
Original_empirical_polynomial,44100,8000,0.8,0.2,4,-240.0
Original_empirical_polynomial,44100,8000,0.8,0.2,5,-240.0
Original_empirical_polynomial,44100,8000,0.8,0.2,6,-240.0
Original_empirical_polynomial,44100,8000,0.8,0.2,7,-240.0
Original_empirical_polynomial,44100,8000,0.8,0.2,8,-240.0
Original_empirical_polynomial,44100,100,0.1,0.5,1,-6.020599913279624
Original_empirical_polynomial,44100,100,0.1,0.5,2,-240.0
Original_empirical_polynomial,44100,100,0.1,0.5,3,-74.53997455872525
Original_empirical_polynomial,44100,100,0.1,0.5,4,-240.0
Original_empirical_polynomial,44100,100,0.1,0.5,5,-240.0
Original_empirical_polynomial,44100,100,0.1,0.5,6,-240.0
Original_empirical_polynomial,44100,100,0.1,0.5,7,-240.0
Original_empirical_polynomial,44100,100,0.1,0.5,8,-240.0
Original_empirical_polynomial,44100,1000,0.1,0.5,1,-6.020599913279624
Original_empirical_polynomial,44100,1000,0.1,0.5,2,-240.0
Original_empirical_polynomial,44100,1000,0.1,0.5,3,-74.53997455872525
Original_empirical_polynomial,44100,1000,0.1,0.5,4,-240.0
Original_empirical_polynomial,44100,1000,0.1,0.5,5,-240.0
Original_empirical_polynomial,44100,1000,0.1,0.5,6,-240.0
Original_empirical_polynomial,44100,1000,0.1,0.5,7,-240.0
Original_empirical_polynomial,44100,1000,0.1,0.5,8,-240.0
Original_empirical_polynomial,44100,8000,0.1,0.5,1,-6.020599913279624
Original_empirical_polynomial,44100,8000,0.1,0.5,2,-240.0
Original_empirical_polynomial,44100,8000,0.1,0.5,3,-74.53997455872525
Original_empirical_polynomial,44100,8000,0.1,0.5,4,-240.0
Original_empirical_polynomial,44100,8000,0.1,0.5,5,-240.0
Original_empirical_polynomial,44100,8000,0.1,0.5,6,-240.0
Original_empirical_polynomial,44100,8000,0.1,0.5,7,-240.0
Original_empirical_polynomial,44100,8000,0.1,0.5,8,-240.0
Original_empirical_polynomial,44100,100,0.5,0.5,1,-6.020599913279624
Original_empirical_polynomial,44100,100,0.5,0.5,2,-240.0
Original_empirical_polynomial,44100,100,0.5,0.5,3,-60.56057447200487
Original_empirical_polynomial,44100,100,0.5,0.5,4,-240.0
Original_empirical_polynomial,44100,100,0.5,0.5,5,-240.0
Original_empirical_polynomial,44100,100,0.5,0.5,6,-240.0
Original_empirical_polynomial,44100,100,0.5,0.5,7,-240.0
Original_empirical_polynomial,44100,100,0.5,0.5,8,-240.0
Original_empirical_polynomial,44100,1000,0.5,0.5,1,-6.020599913279624
Original_empirical_polynomial,44100,1000,0.5,0.5,2,-240.0
Original_empirical_polynomial,44100,1000,0.5,0.5,3,-60.56057447200487
Original_empirical_polynomial,44100,1000,0.5,0.5,4,-240.0
Original_empirical_polynomial,44100,1000,0.5,0.5,5,-240.0
Original_empirical_polynomial,44100,1000,0.5,0.5,6,-240.0
Original_empirical_polynomial,44100,1000,0.5,0.5,7,-240.0
Original_empirical_polynomial,44100,1000,0.5,0.5,8,-240.0
Original_empirical_polynomial,44100,8000,0.5,0.5,1,-6.020599913279624
Original_empirical_polynomial,44100,8000,0.5,0.5,2,-240.0
Original_empirical_polynomial,44100,8000,0.5,0.5,3,-60.56057447200487
Original_empirical_polynomial,44100,8000,0.5,0.5,4,-240.0
Original_empirical_polynomial,44100,8000,0.5,0.5,5,-240.0
Original_empirical_polynomial,44100,8000,0.5,0.5,6,-240.0
Original_empirical_polynomial,44100,8000,0.5,0.5,7,-240.0
Original_empirical_polynomial,44100,8000,0.5,0.5,8,-240.0
Original_empirical_polynomial,44100,100,0.8,0.5,1,-6.020599913279624
Original_empirical_polynomial,44100,100,0.8,0.5,2,-240.0
Original_empirical_polynomial,44100,100,0.8,0.5,3,-56.47817481888637
Original_empirical_polynomial,44100,100,0.8,0.5,4,-240.0
Original_empirical_polynomial,44100,100,0.8,0.5,5,-240.0
Original_empirical_polynomial,44100,100,0.8,0.5,6,-240.0
Original_empirical_polynomial,44100,100,0.8,0.5,7,-240.0
Original_empirical_polynomial,44100,100,0.8,0.5,8,-240.0
Original_empirical_polynomial,44100,1000,0.8,0.5,1,-6.020599913279624
Original_empirical_polynomial,44100,1000,0.8,0.5,2,-240.0
Original_empirical_polynomial,44100,1000,0.8,0.5,3,-56.47817481888637
Original_empirical_polynomial,44100,1000,0.8,0.5,4,-240.0
Original_empirical_polynomial,44100,1000,0.8,0.5,5,-240.0
Original_empirical_polynomial,44100,1000,0.8,0.5,6,-240.0
Original_empirical_polynomial,44100,1000,0.8,0.5,7,-240.0
Original_empirical_polynomial,44100,1000,0.8,0.5,8,-240.0
Original_empirical_polynomial,44100,8000,0.8,0.5,1,-6.020599913279624
Original_empirical_polynomial,44100,8000,0.8,0.5,2,-240.0
Original_empirical_polynomial,44100,8000,0.8,0.5,3,-56.47817481888637
Original_empirical_polynomial,44100,8000,0.8,0.5,4,-240.0
Original_empirical_polynomial,44100,8000,0.8,0.5,5,-240.0
Original_empirical_polynomial,44100,8000,0.8,0.5,6,-240.0
Original_empirical_polynomial,44100,8000,0.8,0.5,7,-240.0
Original_empirical_polynomial,44100,8000,0.8,0.5,8,-240.0
