model,sample_rate,cutoff_parameter,resonance_parameter,input_frequency_hz,output_db
Original,44100,80,0.1,20,0.2311869054253713
Original,44100,80,0.1,40,0.7597417720648647
Original,44100,80,0.1,80,-0.4455278942231974
Original,44100,80,0.1,100,-3.1127708022080243
Original,44100,80,0.1,440,-29.49499058750424
Original,44100,80,0.1,1000,-43.88103200541287
Original,44100,80,0.1,5000,-72.59131821522797
Original,44100,80,0.1,10000,-87.22159089776959
Original,44100,80,0.1,18000,-110.86950140424803
Original,44100,80,0.8,20,0.5422299887571399
Original,44100,80,0.8,40,2.3853980710147784
Original,44100,80,0.8,80,12.255677134393743
Original,44100,80,0.8,100,3.8787399664944933
Original,44100,80,0.8,440,-29.337326745919885
Original,44100,80,0.8,1000,-43.85172209628493
Original,44100,80,0.8,5000,-72.59024939592973
Original,44100,80,0.8,10000,-87.22139260351896
Original,44100,80,0.8,18000,-110.86948837565691
Original,44100,1000,0.1,20,0.0015438515831436208
Original,44100,1000,0.1,40,0.006170433024502025
Original,44100,1000,0.1,80,0.02460163564341684
Original,44100,1000,0.1,100,0.03834533202679096
Original,44100,1000,0.1,440,0.6295221360461793
Original,44100,1000,0.1,1000,-0.44552789422303185
Original,44100,1000,0.1,5000,-28.54777868058956
Original,44100,1000,0.1,10000,-43.28980473344673
Original,44100,1000,0.1,18000,-66.96214181569573
Original,44100,1000,0.8,20,0.0033602287729141925
Original,44100,1000,0.8,40,0.01344828935896615
Original,44100,1000,0.8,80,0.05391154477127152
Original,44100,1000,0.8,100,0.08437618214095507
Original,44100,1000,0.8,440,1.7873633079485283
Original,44100,1000,0.8,1000,12.255677134394675
Original,44100,1000,0.8,5000,-28.37128966309021
Original,44100,1000,0.8,10000,-43.25841659179073
Original,44100,1000,0.8,18000,-66.96009794569429
Original,44100,10000,0.1,20,1.0541815382714084e-05
Original,44100,10000,0.1,40,4.216720030823268e-05
Original,44100,10000,0.1,80,0.00016866782127632202
Original,44100,10000,0.1,100,0.00026354232192955893
Original,44100,10000,0.1,440,0.005101035330997776
Original,44100,10000,0.1,1000,0.026321191087910135
Original,44100,10000,0.1,5000,0.6102496417058622
Original,44100,10000,0.1,10000,-0.4455278942230481
Original,44100,10000,0.1,18000,-23.405327535219598
Original,44100,10000,0.8,20,2.2934238010984237e-05
Original,44100,10000,0.8,40,9.17376652108051e-05
Original,44100,10000,0.8,80,0.00036696207189664524
Original,44100,10000,0.8,100,0.0005733916103935198
Original,44100,10000,0.8,440,0.011114081832459316
Original,44100,10000,0.8,1000,0.05770933274391833
Original,44100,10000,0.8,5000,1.7113072348730916
Original,44100,10000,0.8,10000,12.255677134394706
Original,44100,10000,0.8,18000,-23.076817862084958
Original,48000,80,0.1,20,0.23118760027254415
Original,48000,80,0.1,40,0.7597430554959039
Original,48000,80,0.1,80,-0.44552789422284306
Original,48000,80,0.1,100,-3.112756750602628
Original,48000,80,0.1,440,-29.49412054858626
Original,48000,80,0.1,1000,-43.876457148648356
Original,48000,80,0.1,5000,-72.4702253035777
Original,48000,80,0.1,10000,-86.63893491337654
Original,48000,80,0.1,18000,-106.55090554612791
Original,48000,80,0.8,20,0.5422317556697578
Original,48000,80,0.8,40,2.3854049290996864
Original,48000,80,0.8,80,12.25567713439456
Original,48000,80,0.8,100,3.8787772502438504
Original,48000,80,0.8,440,-29.336440400574162
Original,48000,80,0.8,1000,-43.847131702086095
Original,48000,80,0.8,5000,-72.46914147569287
Original,48000,80,0.8,10000,-86.63872286048708
Original,48000,80,0.8,18000,-106.55088412570585
Original,48000,1000,0.1,20,0.0015446673236663175
Original,48000,1000,0.1,40,0.006173686806292766
Original,48000,1000,0.1,80,0.02461450356034916
Original,48000,1000,0.1,100,0.03836526512150823
Original,48000,1000,0.1,440,0.6297312306354088
Original,48000,1000,0.1,1000,-0.4455278942230339
Original,48000,1000,0.1,5000,-28.429438199395776
Original,48000,1000,0.1,10000,-42.709920147528365
Original,48000,1000,0.1,18000,-62.64699831218229
Original,48000,1000,0.8,20,0.0033620050523978876
Original,48000,1000,0.8,40,0.013455393726730037
Original,48000,1000,0.8,80,0.053939950122567124
Original,48000,1000,0.8,100,0.08442055110168306
Original,48000,1000,0.8,440,1.7882023065394659
Original,48000,1000,0.8,1000,12.255677134394654
Original,48000,1000,0.8,5000,-28.250439256832294
Original,48000,1000,0.8,10000,-42.67634956061359
Original,48000,1000,0.8,18000,-62.64363836786474
Original,48000,10000,0.1,20,1.127324483977714e-05
Original,48000,10000,0.1,40,4.5092868095975706e-05
Original,48000,10000,0.1,80,0.0001803696918521685
Original,48000,10000,0.1,100,0.0002818255564336575
Original,48000,10000,0.1,440,0.005454070796485721
Original,48000,10000,0.1,1000,0.028123483331362303
Original,48000,10000,0.1,5000,0.6361788773751437
Original,48000,10000,0.1,10000,-0.4455278942230461
Original,48000,10000,0.1,18000,-19.550150311930327
Original,48000,10000,0.8,20,2.4525504013364335e-05
Original,48000,10000,0.8,40,9.810274188678652e-05
Original,48000,10000,0.8,80,0.00039242258132068204
Original,48000,10000,0.8,100,0.0006131738939276062
Original,48000,10000,0.8,440,0.011884501237527996
Original,48000,10000,0.8,1000,0.061694070246140514
Original,48000,10000,0.8,5000,1.8142254632446384
Original,48000,10000,0.8,10000,12.255677134394706
Original,48000,10000,0.8,18000,-19.018978987637997
Original,96000,80,0.1,20,0.23119042185882172
Original,96000,80,0.1,40,0.7597482672027316
Original,96000,80,0.1,80,-0.4455278942235049
Original,96000,80,0.1,100,-3.112699690552738
Original,96000,80,0.1,440,-29.49058812200791
Original,96000,80,0.1,1000,-43.85789687021885
Original,96000,80,0.1,5000,-71.9901946137653
Original,96000,80,0.1,10000,-84.51223531251017
Original,96000,80,0.1,18000,-96.27685925261343
Original,96000,80,0.8,20,0.5422389306554829
Original,96000,80,0.8,40,2.385432778299365
Original,96000,80,0.8,80,12.255677134395924
Original,96000,80,0.8,100,3.8789286515196353
Original,96000,80,0.8,440,-29.332841750755634
Original,96000,80,0.8,1000,-43.82850830294154
Original,96000,80,0.8,5000,-71.98904918640658
Original,96000,80,0.8,10000,-84.51196442772165
Original,96000,80,0.8,18000,-96.27678934333406
Original,96000,1000,0.1,20,0.0015479812273836685
Original,96000,1000,0.1,40,0.006186905060276681
Original,96000,1000,0.1,80,0.024666777511901942
Original,96000,1000,0.1,100,0.03844623906343373
Original,96000,1000,0.1,440,0.6305796984143122
Original,96000,1000,0.1,1000,-0.4455278942230583
Original,96000,1000,0.1,5000,-27.960520746455675
Original,96000,1000,0.1,10000,-40.59410277421399
Original,96000,1000,0.1,18000,-52.38507163135062
Original,96000,1000,0.8,20,0.0033692211039754107
Original,96000,1000,0.8,40,0.0134842548488102
Original,96000,1000,0.8,80,0.054055344789499256
Original,96000,1000,0.8,100,0.08460079607903268
Original,96000,1000,0.8,440,1.791609955078611
Original,96000,1000,0.8,1000,12.255677134394512
Original,96000,1000,0.8,5000,-27.771207606348437
Original,96000,1000,0.8,10000,-40.55118866681356
Original,96000,1000,0.8,18000,-52.374103561748846
Original,96000,10000,0.1,20,1.4400804741165476e-05
Original,96000,10000,0.1,40,5.760283461429541e-05
Original,96000,10000,0.1,80,0.00023040518784737273
Original,96000,10000,0.1,100,0.0003600008974792429
Original,96000,10000,0.1,440,0.006962482692348752
Original,96000,10000,0.1,1000,0.035799295752783816
Original,96000,10000,0.1,5000,0.7316467968683649
Original,96000,10000,0.1,10000,-0.44552789422304306
Original,96000,10000,0.1,18000,-10.988600352096046
Original,96000,10000,0.8,20,3.132969450400861e-05
Original,96000,10000,0.8,40,0.00012531952121386155
Original,96000,10000,0.8,80,0.0005012899763657997
Original,96000,10000,0.8,100,0.0007832795240972845
Original,96000,10000,0.8,440,0.015178066338566982
Original,96000,10000,0.8,1000,0.07871340315320788
Original,96000,10000,0.8,5000,2.240852203182965
Original,96000,10000,0.8,10000,12.255677134394707
Original,96000,10000,0.8,18000,-9.290918052356785
