note_number,frequency_hz,sample_rate,waveform,harmonic_number,harmonic_amplitude_db
24,32.70319566257483,44100,triangle,1,-1.824195167926482
24,32.70319566257483,44100,triangle,2,-240.0
24,32.70319566257483,44100,triangle,3,-20.90904535671298
24,32.70319566257483,44100,triangle,4,-240.0
24,32.70319566257483,44100,triangle,5,-29.782995341367236
24,32.70319566257483,44100,triangle,6,-240.0
24,32.70319566257483,44100,triangle,7,-35.62811676849676
24,32.70319566257483,44100,triangle,8,-240.0
24,32.70319566257483,44100,triangle,9,-39.99389554549948
24,32.70319566257483,44100,triangle,10,-240.0
24,32.70319566257483,44100,triangle,11,-43.47990257425549
24,32.70319566257483,44100,triangle,12,-240.0
24,32.70319566257483,44100,triangle,13,-46.38192926019995
24,32.70319566257483,44100,triangle,14,-240.0
24,32.70319566257483,44100,triangle,15,-48.86784553015374
24,32.70319566257483,44100,triangle,16,-240.0
24,32.70319566257483,44100,triangle,17,-51.04215202305744
24,32.70319566257483,44100,triangle,18,-240.0
24,32.70319566257483,44100,triangle,19,-52.97433920603964
24,32.70319566257483,44100,triangle,20,-240.0
24,32.70319566257483,44100,triangle,21,-54.71296695728326
24,32.70319566257483,44100,triangle,22,-240.0
24,32.70319566257483,44100,triangle,23,-56.2933086086302
24,32.70319566257483,44100,triangle,24,-240.0
24,32.70319566257483,44100,triangle,25,-57.74179551480799
24,32.70319566257483,44100,triangle,26,-240.0
24,32.70319566257483,44100,triangle,27,-59.078745734285974
24,32.70319566257483,44100,triangle,28,-240.0
24,32.70319566257483,44100,triangle,29,-60.32011508388472
24,32.70319566257483,44100,triangle,30,-240.0
24,32.70319566257483,44100,triangle,31,-61.478662921297385
24,32.70319566257483,44100,triangle,32,-240.0
24,32.70319566257483,44100,triangle,33,-62.56475276304198
24,32.70319566257483,44100,triangle,34,-240.0
24,32.70319566257483,44100,triangle,35,-63.58691694193751
24,32.70319566257483,44100,triangle,36,-240.0
24,32.70319566257483,44100,triangle,37,-64.55226413060628
24,32.70319566257483,44100,triangle,38,-240.0
24,32.70319566257483,44100,triangle,39,-65.46677944898646
24,32.70319566257483,44100,triangle,40,-240.0
24,32.70319566257483,44100,triangle,41,-66.3355494367159
24,32.70319566257483,44100,triangle,42,-240.0
24,32.70319566257483,44100,triangle,43,-67.16293339110993
24,32.70319566257483,44100,triangle,44,-240.0
24,32.70319566257483,44100,triangle,45,-67.95269571894023
24,32.70319566257483,44100,triangle,46,-240.0
24,32.70319566257483,44100,triangle,47,-68.70810948535518
24,32.70319566257483,44100,triangle,48,-240.0
24,32.70319566257483,44100,triangle,49,-69.43203836906703
24,32.70319566257483,44100,triangle,50,-240.0
24,32.70319566257483,44100,triangle,51,-70.12700221184394
24,32.70319566257483,44100,triangle,52,-240.0
24,32.70319566257483,44100,triangle,53,-70.79522995195805
24,32.70319566257483,44100,triangle,54,-240.0
24,32.70319566257483,44100,triangle,55,-71.43870274769624
24,32.70319566257483,44100,triangle,56,-240.0
24,32.70319566257483,44100,triangle,57,-72.05918939482613
24,32.70319566257483,44100,triangle,58,-240.0
24,32.70319566257483,44100,triangle,59,-72.65827563361225
24,32.70319566257483,44100,triangle,60,-240.0
24,32.70319566257483,44100,triangle,61,-73.23738856835716
24,32.70319566257483,44100,triangle,62,-240.0
24,32.70319566257483,44100,triangle,63,-73.79781714606975
24,32.70319566257483,44100,triangle,64,-240.0
24,32.70319566257483,44100,sawtooth,1,-3.9223975406030527
24,32.70319566257483,44100,sawtooth,2,-9.942997453882676
24,32.70319566257483,44100,sawtooth,3,-13.4648226349963
24,32.70319566257483,44100,sawtooth,4,-15.9635973671623
24,32.70319566257483,44100,sawtooth,5,-17.90179762732343
24,32.70319566257483,44100,sawtooth,6,-19.485422548275928
24,32.70319566257483,44100,sawtooth,7,-20.824358340888192
24,32.70319566257483,44100,sawtooth,8,-21.984197280441926
24,32.70319566257483,44100,sawtooth,9,-23.007247729389547
24,32.70319566257483,44100,sawtooth,10,-23.922397540603054
24,32.70319566257483,44100,sawtooth,11,-24.75025124376755
24,32.70319566257483,44100,sawtooth,12,-25.506022461555553
24,32.70319566257483,44100,sawtooth,13,-26.20126458673979
24,32.70319566257483,44100,sawtooth,14,-26.844958254167814
24,32.70319566257483,44100,sawtooth,15,-27.444222721716677
24,32.70319566257483,44100,sawtooth,16,-28.00479719372155
24,32.70319566257483,44100,sawtooth,17,-28.531375968168533
24,32.70319566257483,44100,sawtooth,18,-29.027847642669173
24,32.70319566257483,44100,sawtooth,19,-29.49746955965963
24,32.70319566257483,44100,sawtooth,20,-29.94299745388268
24,32.70319566257483,44100,sawtooth,21,-30.36678343528144
24,32.70319566257483,44100,sawtooth,22,-30.770851157047176
24,32.70319566257483,44100,sawtooth,23,-31.15695426095491
24,32.70319566257483,44100,sawtooth,24,-31.52662237483517
24,32.70319566257483,44100,sawtooth,25,-31.881197714043807
24,32.70319566257483,44100,sawtooth,26,-32.221864500019414
24,32.70319566257483,44100,sawtooth,27,-32.5496728237828
24,32.70319566257483,44100,sawtooth,28,-32.86555816744744
24,32.70319566257483,44100,sawtooth,29,-33.17035749858218
24,32.70319566257483,44100,sawtooth,30,-33.4648226349963
24,32.70319566257483,44100,sawtooth,31,-33.749631417288505
24,32.70319566257483,44100,sawtooth,32,-34.025397107001176
24,32.70319566257483,44100,sawtooth,33,-34.2926763381608
24,32.70319566257483,44100,sawtooth,34,-34.55197588144816
24,32.70319566257483,44100,sawtooth,35,-34.803758427608564
24,32.70319566257483,44100,sawtooth,36,-35.0484475559488
24,32.70319566257483,44100,sawtooth,37,-35.28643202194295
24,32.70319566257483,44100,sawtooth,38,-35.51806947293925
24,32.70319566257483,44100,sawtooth,39,-35.743689681133034
24,32.70319566257483,44100,sawtooth,40,-35.9635973671623
24,32.70319566257483,44100,sawtooth,41,-36.17807467499776
24,32.70319566257483,44100,sawtooth,42,-36.387383348561066
24,32.70319566257483,44100,sawtooth,43,-36.59176665219478
24,32.70319566257483,44100,sawtooth,44,-36.7914510703268
24,32.70319566257483,44100,sawtooth,45,-36.98664781610993
24,32.70319566257483,44100,sawtooth,46,-37.17755417423454
24,32.70319566257483,44100,sawtooth,47,-37.3643546993174
24,32.70319566257483,44100,sawtooth,48,-37.547222288114796
24,32.70319566257483,44100,sawtooth,49,-37.72631914117333
24,32.70319566257483,44100,sawtooth,50,-37.901797627323425
24,32.70319566257483,44100,sawtooth,51,-38.07380106256178
24,32.70319566257483,44100,sawtooth,52,-38.24246441329904
24,32.70319566257483,44100,sawtooth,53,-38.40791493261884
24,32.70319566257483,44100,sawtooth,54,-38.570272737062425
24,32.70319566257483,44100,sawtooth,55,-38.72965133048793
24,32.70319566257483,44100,sawtooth,56,-38.886158080727064
24,32.70319566257483,44100,sawtooth,57,-39.03989465405288
24,32.70319566257483,44100,sawtooth,58,-39.1909574118618
24,32.70319566257483,44100,sawtooth,59,-39.33943777344594
24,32.70319566257483,44100,sawtooth,60,-39.48542254827593
24,32.70319566257483,44100,sawtooth,61,-39.62899424081839
24,32.70319566257483,44100,sawtooth,62,-39.77023133056813
24,32.70319566257483,44100,sawtooth,63,-39.909208529674686
24,32.70319566257483,44100,sawtooth,64,-40.0459970202808
24,32.70319566257483,44100,square,1,-3.9223975406030527
24,32.70319566257483,44100,square,2,-240.0
24,32.70319566257483,44100,square,3,-13.4648226349963
24,32.70319566257483,44100,square,4,-240.0
24,32.70319566257483,44100,square,5,-17.90179762732343
24,32.70319566257483,44100,square,6,-240.0
24,32.70319566257483,44100,square,7,-20.824358340888192
24,32.70319566257483,44100,square,8,-240.0
24,32.70319566257483,44100,square,9,-23.007247729389547
24,32.70319566257483,44100,square,10,-240.0
24,32.70319566257483,44100,square,11,-24.75025124376755
24,32.70319566257483,44100,square,12,-240.0
24,32.70319566257483,44100,square,13,-26.20126458673979
24,32.70319566257483,44100,square,14,-240.0
24,32.70319566257483,44100,square,15,-27.444222721716677
24,32.70319566257483,44100,square,16,-240.0
24,32.70319566257483,44100,square,17,-28.531375968168533
24,32.70319566257483,44100,square,18,-240.0
24,32.70319566257483,44100,square,19,-29.49746955965963
24,32.70319566257483,44100,square,20,-240.0
24,32.70319566257483,44100,square,21,-30.36678343528144
24,32.70319566257483,44100,square,22,-240.0
24,32.70319566257483,44100,square,23,-31.15695426095491
24,32.70319566257483,44100,square,24,-240.0
24,32.70319566257483,44100,square,25,-31.881197714043807
24,32.70319566257483,44100,square,26,-240.0
24,32.70319566257483,44100,square,27,-32.5496728237828
24,32.70319566257483,44100,square,28,-240.0
24,32.70319566257483,44100,square,29,-33.17035749858218
24,32.70319566257483,44100,square,30,-240.0
24,32.70319566257483,44100,square,31,-33.749631417288505
24,32.70319566257483,44100,square,32,-240.0
24,32.70319566257483,44100,square,33,-34.2926763381608
24,32.70319566257483,44100,square,34,-240.0
24,32.70319566257483,44100,square,35,-34.803758427608564
24,32.70319566257483,44100,square,36,-240.0
24,32.70319566257483,44100,square,37,-35.28643202194295
24,32.70319566257483,44100,square,38,-240.0
24,32.70319566257483,44100,square,39,-35.743689681133034
24,32.70319566257483,44100,square,40,-240.0
24,32.70319566257483,44100,square,41,-36.17807467499776
24,32.70319566257483,44100,square,42,-240.0
24,32.70319566257483,44100,square,43,-36.59176665219478
24,32.70319566257483,44100,square,44,-240.0
24,32.70319566257483,44100,square,45,-36.98664781610993
24,32.70319566257483,44100,square,46,-240.0
24,32.70319566257483,44100,square,47,-37.3643546993174
24,32.70319566257483,44100,square,48,-240.0
24,32.70319566257483,44100,square,49,-37.72631914117333
24,32.70319566257483,44100,square,50,-240.0
24,32.70319566257483,44100,square,51,-38.07380106256178
24,32.70319566257483,44100,square,52,-240.0
24,32.70319566257483,44100,square,53,-38.40791493261884
24,32.70319566257483,44100,square,54,-240.0
24,32.70319566257483,44100,square,55,-38.72965133048793
24,32.70319566257483,44100,square,56,-240.0
24,32.70319566257483,44100,square,57,-39.03989465405288
24,32.70319566257483,44100,square,58,-240.0
24,32.70319566257483,44100,square,59,-39.33943777344594
24,32.70319566257483,44100,square,60,-240.0
24,32.70319566257483,44100,square,61,-39.62899424081839
24,32.70319566257483,44100,square,62,-240.0
24,32.70319566257483,44100,square,63,-39.909208529674686
24,32.70319566257483,44100,square,64,-240.0
24,32.70319566257483,44100,pulse,1,-6.932697497242866
24,32.70319566257483,44100,pulse,2,-9.942997453882676
24,32.70319566257483,44100,pulse,3,-16.475122591636115
24,32.70319566257483,44100,pulse,4,-240.0
24,32.70319566257483,44100,pulse,5,-20.91209758396324
24,32.70319566257483,44100,pulse,6,-19.485422548275928
24,32.70319566257483,44100,pulse,7,-23.834658297528
24,32.70319566257483,44100,pulse,8,-240.0
24,32.70319566257483,44100,pulse,9,-26.017547686029367
24,32.70319566257483,44100,pulse,10,-23.922397540603054
24,32.70319566257483,44100,pulse,11,-27.760551200407356
24,32.70319566257483,44100,pulse,12,-240.0
24,32.70319566257483,44100,pulse,13,-29.211564543379595
24,32.70319566257483,44100,pulse,14,-26.844958254167814
24,32.70319566257483,44100,pulse,15,-30.45452267835648
24,32.70319566257483,44100,pulse,16,-240.0
24,32.70319566257483,44100,pulse,17,-31.541675924808338
24,32.70319566257483,44100,pulse,18,-29.027847642669173
24,32.70319566257483,44100,pulse,19,-32.50776951629943
24,32.70319566257483,44100,pulse,20,-240.0
24,32.70319566257483,44100,pulse,21,-33.377083391921246
24,32.70319566257483,44100,pulse,22,-30.770851157047176
24,32.70319566257483,44100,pulse,23,-34.1672542175947
24,32.70319566257483,44100,pulse,24,-240.0
24,32.70319566257483,44100,pulse,25,-34.89149767068361
24,32.70319566257483,44100,pulse,26,-32.221864500019414
24,32.70319566257483,44100,pulse,27,-35.5599727804226
24,32.70319566257483,44100,pulse,28,-240.0
24,32.70319566257483,44100,pulse,29,-36.18065745522199
24,32.70319566257483,44100,pulse,30,-33.4648226349963
24,32.70319566257483,44100,pulse,31,-36.7599313739283
24,32.70319566257483,44100,pulse,32,-240.0
24,32.70319566257483,44100,pulse,33,-37.302976294800615
24,32.70319566257483,44100,pulse,34,-34.55197588144816
24,32.70319566257483,44100,pulse,35,-37.81405838424836
24,32.70319566257483,44100,pulse,36,-240.0
24,32.70319566257483,44100,pulse,37,-38.29673197858276
24,32.70319566257483,44100,pulse,38,-35.51806947293925
24,32.70319566257483,44100,pulse,39,-38.75398963777283
24,32.70319566257483,44100,pulse,40,-240.0
24,32.70319566257483,44100,pulse,41,-39.18837463163761
24,32.70319566257483,44100,pulse,42,-36.387383348561066
24,32.70319566257483,44100,pulse,43,-39.602066608834576
24,32.70319566257483,44100,pulse,44,-240.0
24,32.70319566257483,44100,pulse,45,-39.99694777274974
24,32.70319566257483,44100,pulse,46,-37.17755417423454
24,32.70319566257483,44100,pulse,47,-40.37465465595722
24,32.70319566257483,44100,pulse,48,-240.0
24,32.70319566257483,44100,pulse,49,-40.736619097813175
24,32.70319566257483,44100,pulse,50,-37.901797627323425
24,32.70319566257483,44100,pulse,51,-41.08410101920157
24,32.70319566257483,44100,pulse,52,-240.0
24,32.70319566257483,44100,pulse,53,-41.41821488925865
24,32.70319566257483,44100,pulse,54,-38.570272737062425
24,32.70319566257483,44100,pulse,55,-41.73995128712775
24,32.70319566257483,44100,pulse,56,-240.0
24,32.70319566257483,44100,pulse,57,-42.050194610692735
24,32.70319566257483,44100,pulse,58,-39.1909574118618
24,32.70319566257483,44100,pulse,59,-42.34973773008573
24,32.70319566257483,44100,pulse,60,-240.0
24,32.70319566257483,44100,pulse,61,-42.63929419745821
24,32.70319566257483,44100,pulse,62,-39.77023133056813
24,32.70319566257483,44100,pulse,63,-42.919508486314506
24,32.70319566257483,44100,pulse,64,-240.0
24,32.70319566257483,44100,pwm,1,-6.932697497242866
24,32.70319566257483,44100,pwm,2,-9.942997453882676
24,32.70319566257483,44100,pwm,3,-16.475122591636115
24,32.70319566257483,44100,pwm,4,-240.0
24,32.70319566257483,44100,pwm,5,-20.91209758396324
24,32.70319566257483,44100,pwm,6,-19.485422548275928
24,32.70319566257483,44100,pwm,7,-23.834658297528
24,32.70319566257483,44100,pwm,8,-240.0
24,32.70319566257483,44100,pwm,9,-26.017547686029367
24,32.70319566257483,44100,pwm,10,-23.922397540603054
24,32.70319566257483,44100,pwm,11,-27.760551200407356
24,32.70319566257483,44100,pwm,12,-240.0
24,32.70319566257483,44100,pwm,13,-29.211564543379595
24,32.70319566257483,44100,pwm,14,-26.844958254167814
24,32.70319566257483,44100,pwm,15,-30.45452267835648
24,32.70319566257483,44100,pwm,16,-240.0
24,32.70319566257483,44100,pwm,17,-31.541675924808338
24,32.70319566257483,44100,pwm,18,-29.027847642669173
24,32.70319566257483,44100,pwm,19,-32.50776951629943
24,32.70319566257483,44100,pwm,20,-240.0
24,32.70319566257483,44100,pwm,21,-33.377083391921246
24,32.70319566257483,44100,pwm,22,-30.770851157047176
24,32.70319566257483,44100,pwm,23,-34.1672542175947
24,32.70319566257483,44100,pwm,24,-240.0
24,32.70319566257483,44100,pwm,25,-34.89149767068361
24,32.70319566257483,44100,pwm,26,-32.221864500019414
24,32.70319566257483,44100,pwm,27,-35.5599727804226
24,32.70319566257483,44100,pwm,28,-240.0
24,32.70319566257483,44100,pwm,29,-36.18065745522199
24,32.70319566257483,44100,pwm,30,-33.4648226349963
24,32.70319566257483,44100,pwm,31,-36.7599313739283
24,32.70319566257483,44100,pwm,32,-240.0
24,32.70319566257483,44100,pwm,33,-37.302976294800615
24,32.70319566257483,44100,pwm,34,-34.55197588144816
24,32.70319566257483,44100,pwm,35,-37.81405838424836
24,32.70319566257483,44100,pwm,36,-240.0
24,32.70319566257483,44100,pwm,37,-38.29673197858276
24,32.70319566257483,44100,pwm,38,-35.51806947293925
24,32.70319566257483,44100,pwm,39,-38.75398963777283
24,32.70319566257483,44100,pwm,40,-240.0
24,32.70319566257483,44100,pwm,41,-39.18837463163761
24,32.70319566257483,44100,pwm,42,-36.387383348561066
24,32.70319566257483,44100,pwm,43,-39.602066608834576
24,32.70319566257483,44100,pwm,44,-240.0
24,32.70319566257483,44100,pwm,45,-39.99694777274974
24,32.70319566257483,44100,pwm,46,-37.17755417423454
24,32.70319566257483,44100,pwm,47,-40.37465465595722
24,32.70319566257483,44100,pwm,48,-240.0
24,32.70319566257483,44100,pwm,49,-40.736619097813175
24,32.70319566257483,44100,pwm,50,-37.901797627323425
24,32.70319566257483,44100,pwm,51,-41.08410101920157
24,32.70319566257483,44100,pwm,52,-240.0
24,32.70319566257483,44100,pwm,53,-41.41821488925865
24,32.70319566257483,44100,pwm,54,-38.570272737062425
24,32.70319566257483,44100,pwm,55,-41.73995128712775
24,32.70319566257483,44100,pwm,56,-240.0
24,32.70319566257483,44100,pwm,57,-42.050194610692735
24,32.70319566257483,44100,pwm,58,-39.1909574118618
24,32.70319566257483,44100,pwm,59,-42.34973773008573
24,32.70319566257483,44100,pwm,60,-240.0
24,32.70319566257483,44100,pwm,61,-42.63929419745821
24,32.70319566257483,44100,pwm,62,-39.77023133056813
24,32.70319566257483,44100,pwm,63,-42.919508486314506
24,32.70319566257483,44100,pwm,64,-240.0
36,65.40639132514966,44100,triangle,1,-1.824195167926482
36,65.40639132514966,44100,triangle,2,-240.0
36,65.40639132514966,44100,triangle,3,-20.90904535671298
36,65.40639132514966,44100,triangle,4,-240.0
36,65.40639132514966,44100,triangle,5,-29.782995341367236
36,65.40639132514966,44100,triangle,6,-240.0
36,65.40639132514966,44100,triangle,7,-35.62811676849676
36,65.40639132514966,44100,triangle,8,-240.0
36,65.40639132514966,44100,triangle,9,-39.99389554549948
36,65.40639132514966,44100,triangle,10,-240.0
36,65.40639132514966,44100,triangle,11,-43.47990257425549
36,65.40639132514966,44100,triangle,12,-240.0
36,65.40639132514966,44100,triangle,13,-46.38192926019995
36,65.40639132514966,44100,triangle,14,-240.0
36,65.40639132514966,44100,triangle,15,-48.86784553015374
36,65.40639132514966,44100,triangle,16,-240.0
36,65.40639132514966,44100,triangle,17,-51.04215202305744
36,65.40639132514966,44100,triangle,18,-240.0
36,65.40639132514966,44100,triangle,19,-52.97433920603964
36,65.40639132514966,44100,triangle,20,-240.0
36,65.40639132514966,44100,triangle,21,-54.71296695728326
36,65.40639132514966,44100,triangle,22,-240.0
36,65.40639132514966,44100,triangle,23,-56.2933086086302
36,65.40639132514966,44100,triangle,24,-240.0
36,65.40639132514966,44100,triangle,25,-57.74179551480799
36,65.40639132514966,44100,triangle,26,-240.0
36,65.40639132514966,44100,triangle,27,-59.078745734285974
36,65.40639132514966,44100,triangle,28,-240.0
36,65.40639132514966,44100,triangle,29,-60.32011508388472
36,65.40639132514966,44100,triangle,30,-240.0
36,65.40639132514966,44100,triangle,31,-61.478662921297385
36,65.40639132514966,44100,triangle,32,-240.0
36,65.40639132514966,44100,triangle,33,-62.56475276304198
36,65.40639132514966,44100,triangle,34,-240.0
36,65.40639132514966,44100,triangle,35,-63.58691694193751
36,65.40639132514966,44100,triangle,36,-240.0
36,65.40639132514966,44100,triangle,37,-64.55226413060628
36,65.40639132514966,44100,triangle,38,-240.0
36,65.40639132514966,44100,triangle,39,-65.46677944898646
36,65.40639132514966,44100,triangle,40,-240.0
36,65.40639132514966,44100,triangle,41,-66.3355494367159
36,65.40639132514966,44100,triangle,42,-240.0
36,65.40639132514966,44100,triangle,43,-67.16293339110993
36,65.40639132514966,44100,triangle,44,-240.0
36,65.40639132514966,44100,triangle,45,-67.95269571894023
36,65.40639132514966,44100,triangle,46,-240.0
36,65.40639132514966,44100,triangle,47,-68.70810948535518
36,65.40639132514966,44100,triangle,48,-240.0
36,65.40639132514966,44100,triangle,49,-69.43203836906703
36,65.40639132514966,44100,triangle,50,-240.0
36,65.40639132514966,44100,triangle,51,-70.12700221184394
36,65.40639132514966,44100,triangle,52,-240.0
36,65.40639132514966,44100,triangle,53,-70.79522995195805
36,65.40639132514966,44100,triangle,54,-240.0
36,65.40639132514966,44100,triangle,55,-71.43870274769624
36,65.40639132514966,44100,triangle,56,-240.0
36,65.40639132514966,44100,triangle,57,-72.05918939482613
36,65.40639132514966,44100,triangle,58,-240.0
36,65.40639132514966,44100,triangle,59,-72.65827563361225
36,65.40639132514966,44100,triangle,60,-240.0
36,65.40639132514966,44100,triangle,61,-73.23738856835716
36,65.40639132514966,44100,triangle,62,-240.0
36,65.40639132514966,44100,triangle,63,-73.79781714606975
36,65.40639132514966,44100,triangle,64,-240.0
36,65.40639132514966,44100,sawtooth,1,-3.9223975406030527
36,65.40639132514966,44100,sawtooth,2,-9.942997453882676
36,65.40639132514966,44100,sawtooth,3,-13.4648226349963
36,65.40639132514966,44100,sawtooth,4,-15.9635973671623
36,65.40639132514966,44100,sawtooth,5,-17.90179762732343
36,65.40639132514966,44100,sawtooth,6,-19.485422548275928
36,65.40639132514966,44100,sawtooth,7,-20.824358340888192
36,65.40639132514966,44100,sawtooth,8,-21.984197280441926
36,65.40639132514966,44100,sawtooth,9,-23.007247729389547
36,65.40639132514966,44100,sawtooth,10,-23.922397540603054
36,65.40639132514966,44100,sawtooth,11,-24.75025124376755
36,65.40639132514966,44100,sawtooth,12,-25.506022461555553
36,65.40639132514966,44100,sawtooth,13,-26.20126458673979
36,65.40639132514966,44100,sawtooth,14,-26.844958254167814
36,65.40639132514966,44100,sawtooth,15,-27.444222721716677
36,65.40639132514966,44100,sawtooth,16,-28.00479719372155
36,65.40639132514966,44100,sawtooth,17,-28.531375968168533
36,65.40639132514966,44100,sawtooth,18,-29.027847642669173
36,65.40639132514966,44100,sawtooth,19,-29.49746955965963
36,65.40639132514966,44100,sawtooth,20,-29.94299745388268
36,65.40639132514966,44100,sawtooth,21,-30.36678343528144
36,65.40639132514966,44100,sawtooth,22,-30.770851157047176
36,65.40639132514966,44100,sawtooth,23,-31.15695426095491
36,65.40639132514966,44100,sawtooth,24,-31.52662237483517
36,65.40639132514966,44100,sawtooth,25,-31.881197714043807
36,65.40639132514966,44100,sawtooth,26,-32.221864500019414
36,65.40639132514966,44100,sawtooth,27,-32.5496728237828
36,65.40639132514966,44100,sawtooth,28,-32.86555816744744
36,65.40639132514966,44100,sawtooth,29,-33.17035749858218
36,65.40639132514966,44100,sawtooth,30,-33.4648226349963
36,65.40639132514966,44100,sawtooth,31,-33.749631417288505
36,65.40639132514966,44100,sawtooth,32,-34.025397107001176
36,65.40639132514966,44100,sawtooth,33,-34.2926763381608
36,65.40639132514966,44100,sawtooth,34,-34.55197588144816
36,65.40639132514966,44100,sawtooth,35,-34.803758427608564
36,65.40639132514966,44100,sawtooth,36,-35.0484475559488
36,65.40639132514966,44100,sawtooth,37,-35.28643202194295
36,65.40639132514966,44100,sawtooth,38,-35.51806947293925
36,65.40639132514966,44100,sawtooth,39,-35.743689681133034
36,65.40639132514966,44100,sawtooth,40,-35.9635973671623
36,65.40639132514966,44100,sawtooth,41,-36.17807467499776
36,65.40639132514966,44100,sawtooth,42,-36.387383348561066
36,65.40639132514966,44100,sawtooth,43,-36.59176665219478
36,65.40639132514966,44100,sawtooth,44,-36.7914510703268
36,65.40639132514966,44100,sawtooth,45,-36.98664781610993
36,65.40639132514966,44100,sawtooth,46,-37.17755417423454
36,65.40639132514966,44100,sawtooth,47,-37.3643546993174
36,65.40639132514966,44100,sawtooth,48,-37.547222288114796
36,65.40639132514966,44100,sawtooth,49,-37.72631914117333
36,65.40639132514966,44100,sawtooth,50,-37.901797627323425
36,65.40639132514966,44100,sawtooth,51,-38.07380106256178
36,65.40639132514966,44100,sawtooth,52,-38.24246441329904
36,65.40639132514966,44100,sawtooth,53,-38.40791493261884
36,65.40639132514966,44100,sawtooth,54,-38.570272737062425
36,65.40639132514966,44100,sawtooth,55,-38.72965133048793
36,65.40639132514966,44100,sawtooth,56,-38.886158080727064
36,65.40639132514966,44100,sawtooth,57,-39.03989465405288
36,65.40639132514966,44100,sawtooth,58,-39.1909574118618
36,65.40639132514966,44100,sawtooth,59,-39.33943777344594
36,65.40639132514966,44100,sawtooth,60,-39.48542254827593
36,65.40639132514966,44100,sawtooth,61,-39.62899424081839
36,65.40639132514966,44100,sawtooth,62,-39.77023133056813
36,65.40639132514966,44100,sawtooth,63,-39.909208529674686
36,65.40639132514966,44100,sawtooth,64,-40.0459970202808
36,65.40639132514966,44100,square,1,-3.9223975406030527
36,65.40639132514966,44100,square,2,-240.0
36,65.40639132514966,44100,square,3,-13.4648226349963
36,65.40639132514966,44100,square,4,-240.0
36,65.40639132514966,44100,square,5,-17.90179762732343
36,65.40639132514966,44100,square,6,-240.0
36,65.40639132514966,44100,square,7,-20.824358340888192
36,65.40639132514966,44100,square,8,-240.0
36,65.40639132514966,44100,square,9,-23.007247729389547
36,65.40639132514966,44100,square,10,-240.0
36,65.40639132514966,44100,square,11,-24.75025124376755
36,65.40639132514966,44100,square,12,-240.0
36,65.40639132514966,44100,square,13,-26.20126458673979
36,65.40639132514966,44100,square,14,-240.0
36,65.40639132514966,44100,square,15,-27.444222721716677
36,65.40639132514966,44100,square,16,-240.0
36,65.40639132514966,44100,square,17,-28.531375968168533
36,65.40639132514966,44100,square,18,-240.0
36,65.40639132514966,44100,square,19,-29.49746955965963
36,65.40639132514966,44100,square,20,-240.0
36,65.40639132514966,44100,square,21,-30.36678343528144
36,65.40639132514966,44100,square,22,-240.0
36,65.40639132514966,44100,square,23,-31.15695426095491
36,65.40639132514966,44100,square,24,-240.0
36,65.40639132514966,44100,square,25,-31.881197714043807
36,65.40639132514966,44100,square,26,-240.0
36,65.40639132514966,44100,square,27,-32.5496728237828
36,65.40639132514966,44100,square,28,-240.0
36,65.40639132514966,44100,square,29,-33.17035749858218
36,65.40639132514966,44100,square,30,-240.0
36,65.40639132514966,44100,square,31,-33.749631417288505
36,65.40639132514966,44100,square,32,-240.0
36,65.40639132514966,44100,square,33,-34.2926763381608
36,65.40639132514966,44100,square,34,-240.0
36,65.40639132514966,44100,square,35,-34.803758427608564
36,65.40639132514966,44100,square,36,-240.0
36,65.40639132514966,44100,square,37,-35.28643202194295
36,65.40639132514966,44100,square,38,-240.0
36,65.40639132514966,44100,square,39,-35.743689681133034
36,65.40639132514966,44100,square,40,-240.0
36,65.40639132514966,44100,square,41,-36.17807467499776
36,65.40639132514966,44100,square,42,-240.0
36,65.40639132514966,44100,square,43,-36.59176665219478
36,65.40639132514966,44100,square,44,-240.0
36,65.40639132514966,44100,square,45,-36.98664781610993
36,65.40639132514966,44100,square,46,-240.0
36,65.40639132514966,44100,square,47,-37.3643546993174
36,65.40639132514966,44100,square,48,-240.0
36,65.40639132514966,44100,square,49,-37.72631914117333
36,65.40639132514966,44100,square,50,-240.0
36,65.40639132514966,44100,square,51,-38.07380106256178
36,65.40639132514966,44100,square,52,-240.0
36,65.40639132514966,44100,square,53,-38.40791493261884
36,65.40639132514966,44100,square,54,-240.0
36,65.40639132514966,44100,square,55,-38.72965133048793
36,65.40639132514966,44100,square,56,-240.0
36,65.40639132514966,44100,square,57,-39.03989465405288
36,65.40639132514966,44100,square,58,-240.0
36,65.40639132514966,44100,square,59,-39.33943777344594
36,65.40639132514966,44100,square,60,-240.0
36,65.40639132514966,44100,square,61,-39.62899424081839
36,65.40639132514966,44100,square,62,-240.0
36,65.40639132514966,44100,square,63,-39.909208529674686
36,65.40639132514966,44100,square,64,-240.0
36,65.40639132514966,44100,pulse,1,-6.932697497242866
36,65.40639132514966,44100,pulse,2,-9.942997453882676
36,65.40639132514966,44100,pulse,3,-16.475122591636115
36,65.40639132514966,44100,pulse,4,-240.0
36,65.40639132514966,44100,pulse,5,-20.91209758396324
36,65.40639132514966,44100,pulse,6,-19.485422548275928
36,65.40639132514966,44100,pulse,7,-23.834658297528
36,65.40639132514966,44100,pulse,8,-240.0
36,65.40639132514966,44100,pulse,9,-26.017547686029367
36,65.40639132514966,44100,pulse,10,-23.922397540603054
36,65.40639132514966,44100,pulse,11,-27.760551200407356
36,65.40639132514966,44100,pulse,12,-240.0
36,65.40639132514966,44100,pulse,13,-29.211564543379595
36,65.40639132514966,44100,pulse,14,-26.844958254167814
36,65.40639132514966,44100,pulse,15,-30.45452267835648
36,65.40639132514966,44100,pulse,16,-240.0
36,65.40639132514966,44100,pulse,17,-31.541675924808338
36,65.40639132514966,44100,pulse,18,-29.027847642669173
36,65.40639132514966,44100,pulse,19,-32.50776951629943
36,65.40639132514966,44100,pulse,20,-240.0
36,65.40639132514966,44100,pulse,21,-33.377083391921246
36,65.40639132514966,44100,pulse,22,-30.770851157047176
36,65.40639132514966,44100,pulse,23,-34.1672542175947
36,65.40639132514966,44100,pulse,24,-240.0
36,65.40639132514966,44100,pulse,25,-34.89149767068361
36,65.40639132514966,44100,pulse,26,-32.221864500019414
36,65.40639132514966,44100,pulse,27,-35.5599727804226
36,65.40639132514966,44100,pulse,28,-240.0
36,65.40639132514966,44100,pulse,29,-36.18065745522199
36,65.40639132514966,44100,pulse,30,-33.4648226349963
36,65.40639132514966,44100,pulse,31,-36.7599313739283
36,65.40639132514966,44100,pulse,32,-240.0
36,65.40639132514966,44100,pulse,33,-37.302976294800615
36,65.40639132514966,44100,pulse,34,-34.55197588144816
36,65.40639132514966,44100,pulse,35,-37.81405838424836
36,65.40639132514966,44100,pulse,36,-240.0
36,65.40639132514966,44100,pulse,37,-38.29673197858276
36,65.40639132514966,44100,pulse,38,-35.51806947293925
36,65.40639132514966,44100,pulse,39,-38.75398963777283
36,65.40639132514966,44100,pulse,40,-240.0
36,65.40639132514966,44100,pulse,41,-39.18837463163761
36,65.40639132514966,44100,pulse,42,-36.387383348561066
36,65.40639132514966,44100,pulse,43,-39.602066608834576
36,65.40639132514966,44100,pulse,44,-240.0
36,65.40639132514966,44100,pulse,45,-39.99694777274974
36,65.40639132514966,44100,pulse,46,-37.17755417423454
36,65.40639132514966,44100,pulse,47,-40.37465465595722
36,65.40639132514966,44100,pulse,48,-240.0
36,65.40639132514966,44100,pulse,49,-40.736619097813175
36,65.40639132514966,44100,pulse,50,-37.901797627323425
36,65.40639132514966,44100,pulse,51,-41.08410101920157
36,65.40639132514966,44100,pulse,52,-240.0
36,65.40639132514966,44100,pulse,53,-41.41821488925865
36,65.40639132514966,44100,pulse,54,-38.570272737062425
36,65.40639132514966,44100,pulse,55,-41.73995128712775
36,65.40639132514966,44100,pulse,56,-240.0
36,65.40639132514966,44100,pulse,57,-42.050194610692735
36,65.40639132514966,44100,pulse,58,-39.1909574118618
36,65.40639132514966,44100,pulse,59,-42.34973773008573
36,65.40639132514966,44100,pulse,60,-240.0
36,65.40639132514966,44100,pulse,61,-42.63929419745821
36,65.40639132514966,44100,pulse,62,-39.77023133056813
36,65.40639132514966,44100,pulse,63,-42.919508486314506
36,65.40639132514966,44100,pulse,64,-240.0
36,65.40639132514966,44100,pwm,1,-6.932697497242866
36,65.40639132514966,44100,pwm,2,-9.942997453882676
36,65.40639132514966,44100,pwm,3,-16.475122591636115
36,65.40639132514966,44100,pwm,4,-240.0
36,65.40639132514966,44100,pwm,5,-20.91209758396324
36,65.40639132514966,44100,pwm,6,-19.485422548275928
36,65.40639132514966,44100,pwm,7,-23.834658297528
36,65.40639132514966,44100,pwm,8,-240.0
36,65.40639132514966,44100,pwm,9,-26.017547686029367
36,65.40639132514966,44100,pwm,10,-23.922397540603054
36,65.40639132514966,44100,pwm,11,-27.760551200407356
36,65.40639132514966,44100,pwm,12,-240.0
36,65.40639132514966,44100,pwm,13,-29.211564543379595
36,65.40639132514966,44100,pwm,14,-26.844958254167814
36,65.40639132514966,44100,pwm,15,-30.45452267835648
36,65.40639132514966,44100,pwm,16,-240.0
36,65.40639132514966,44100,pwm,17,-31.541675924808338
36,65.40639132514966,44100,pwm,18,-29.027847642669173
36,65.40639132514966,44100,pwm,19,-32.50776951629943
36,65.40639132514966,44100,pwm,20,-240.0
36,65.40639132514966,44100,pwm,21,-33.377083391921246
36,65.40639132514966,44100,pwm,22,-30.770851157047176
36,65.40639132514966,44100,pwm,23,-34.1672542175947
36,65.40639132514966,44100,pwm,24,-240.0
36,65.40639132514966,44100,pwm,25,-34.89149767068361
36,65.40639132514966,44100,pwm,26,-32.221864500019414
36,65.40639132514966,44100,pwm,27,-35.5599727804226
36,65.40639132514966,44100,pwm,28,-240.0
36,65.40639132514966,44100,pwm,29,-36.18065745522199
36,65.40639132514966,44100,pwm,30,-33.4648226349963
36,65.40639132514966,44100,pwm,31,-36.7599313739283
36,65.40639132514966,44100,pwm,32,-240.0
36,65.40639132514966,44100,pwm,33,-37.302976294800615
36,65.40639132514966,44100,pwm,34,-34.55197588144816
36,65.40639132514966,44100,pwm,35,-37.81405838424836
36,65.40639132514966,44100,pwm,36,-240.0
36,65.40639132514966,44100,pwm,37,-38.29673197858276
36,65.40639132514966,44100,pwm,38,-35.51806947293925
36,65.40639132514966,44100,pwm,39,-38.75398963777283
36,65.40639132514966,44100,pwm,40,-240.0
36,65.40639132514966,44100,pwm,41,-39.18837463163761
36,65.40639132514966,44100,pwm,42,-36.387383348561066
36,65.40639132514966,44100,pwm,43,-39.602066608834576
36,65.40639132514966,44100,pwm,44,-240.0
36,65.40639132514966,44100,pwm,45,-39.99694777274974
36,65.40639132514966,44100,pwm,46,-37.17755417423454
36,65.40639132514966,44100,pwm,47,-40.37465465595722
36,65.40639132514966,44100,pwm,48,-240.0
36,65.40639132514966,44100,pwm,49,-40.736619097813175
36,65.40639132514966,44100,pwm,50,-37.901797627323425
36,65.40639132514966,44100,pwm,51,-41.08410101920157
36,65.40639132514966,44100,pwm,52,-240.0
36,65.40639132514966,44100,pwm,53,-41.41821488925865
36,65.40639132514966,44100,pwm,54,-38.570272737062425
36,65.40639132514966,44100,pwm,55,-41.73995128712775
36,65.40639132514966,44100,pwm,56,-240.0
36,65.40639132514966,44100,pwm,57,-42.050194610692735
36,65.40639132514966,44100,pwm,58,-39.1909574118618
36,65.40639132514966,44100,pwm,59,-42.34973773008573
36,65.40639132514966,44100,pwm,60,-240.0
36,65.40639132514966,44100,pwm,61,-42.63929419745821
36,65.40639132514966,44100,pwm,62,-39.77023133056813
36,65.40639132514966,44100,pwm,63,-42.919508486314506
36,65.40639132514966,44100,pwm,64,-240.0
48,130.8127826502993,44100,triangle,1,-1.824195167926482
48,130.8127826502993,44100,triangle,2,-240.0
48,130.8127826502993,44100,triangle,3,-20.90904535671298
48,130.8127826502993,44100,triangle,4,-240.0
48,130.8127826502993,44100,triangle,5,-29.782995341367236
48,130.8127826502993,44100,triangle,6,-240.0
48,130.8127826502993,44100,triangle,7,-35.62811676849676
48,130.8127826502993,44100,triangle,8,-240.0
48,130.8127826502993,44100,triangle,9,-39.99389554549948
48,130.8127826502993,44100,triangle,10,-240.0
48,130.8127826502993,44100,triangle,11,-43.47990257425549
48,130.8127826502993,44100,triangle,12,-240.0
48,130.8127826502993,44100,triangle,13,-46.38192926019995
48,130.8127826502993,44100,triangle,14,-240.0
48,130.8127826502993,44100,triangle,15,-48.86784553015374
48,130.8127826502993,44100,triangle,16,-240.0
48,130.8127826502993,44100,triangle,17,-51.04215202305744
48,130.8127826502993,44100,triangle,18,-240.0
48,130.8127826502993,44100,triangle,19,-52.97433920603964
48,130.8127826502993,44100,triangle,20,-240.0
48,130.8127826502993,44100,triangle,21,-54.71296695728326
48,130.8127826502993,44100,triangle,22,-240.0
48,130.8127826502993,44100,triangle,23,-56.2933086086302
48,130.8127826502993,44100,triangle,24,-240.0
48,130.8127826502993,44100,triangle,25,-57.74179551480799
48,130.8127826502993,44100,triangle,26,-240.0
48,130.8127826502993,44100,triangle,27,-59.078745734285974
48,130.8127826502993,44100,triangle,28,-240.0
48,130.8127826502993,44100,triangle,29,-60.32011508388472
48,130.8127826502993,44100,triangle,30,-240.0
48,130.8127826502993,44100,triangle,31,-61.478662921297385
48,130.8127826502993,44100,triangle,32,-240.0
48,130.8127826502993,44100,triangle,33,-62.56475276304198
48,130.8127826502993,44100,triangle,34,-240.0
48,130.8127826502993,44100,triangle,35,-63.58691694193751
48,130.8127826502993,44100,triangle,36,-240.0
48,130.8127826502993,44100,triangle,37,-64.55226413060628
48,130.8127826502993,44100,triangle,38,-240.0
48,130.8127826502993,44100,triangle,39,-65.46677944898646
48,130.8127826502993,44100,triangle,40,-240.0
48,130.8127826502993,44100,triangle,41,-66.3355494367159
48,130.8127826502993,44100,triangle,42,-240.0
48,130.8127826502993,44100,triangle,43,-67.16293339110993
48,130.8127826502993,44100,triangle,44,-240.0
48,130.8127826502993,44100,triangle,45,-67.95269571894023
48,130.8127826502993,44100,triangle,46,-240.0
48,130.8127826502993,44100,triangle,47,-68.70810948535518
48,130.8127826502993,44100,triangle,48,-240.0
48,130.8127826502993,44100,triangle,49,-69.43203836906703
48,130.8127826502993,44100,triangle,50,-240.0
48,130.8127826502993,44100,triangle,51,-70.12700221184394
48,130.8127826502993,44100,triangle,52,-240.0
48,130.8127826502993,44100,triangle,53,-70.79522995195805
48,130.8127826502993,44100,triangle,54,-240.0
48,130.8127826502993,44100,triangle,55,-71.43870274769624
48,130.8127826502993,44100,triangle,56,-240.0
48,130.8127826502993,44100,triangle,57,-72.05918939482613
48,130.8127826502993,44100,triangle,58,-240.0
48,130.8127826502993,44100,triangle,59,-72.65827563361225
48,130.8127826502993,44100,triangle,60,-240.0
48,130.8127826502993,44100,triangle,61,-73.23738856835716
48,130.8127826502993,44100,triangle,62,-240.0
48,130.8127826502993,44100,triangle,63,-73.79781714606975
48,130.8127826502993,44100,triangle,64,-240.0
48,130.8127826502993,44100,sawtooth,1,-3.9223975406030527
48,130.8127826502993,44100,sawtooth,2,-9.942997453882676
48,130.8127826502993,44100,sawtooth,3,-13.4648226349963
48,130.8127826502993,44100,sawtooth,4,-15.9635973671623
48,130.8127826502993,44100,sawtooth,5,-17.90179762732343
48,130.8127826502993,44100,sawtooth,6,-19.485422548275928
48,130.8127826502993,44100,sawtooth,7,-20.824358340888192
48,130.8127826502993,44100,sawtooth,8,-21.984197280441926
48,130.8127826502993,44100,sawtooth,9,-23.007247729389547
48,130.8127826502993,44100,sawtooth,10,-23.922397540603054
48,130.8127826502993,44100,sawtooth,11,-24.75025124376755
48,130.8127826502993,44100,sawtooth,12,-25.506022461555553
48,130.8127826502993,44100,sawtooth,13,-26.20126458673979
48,130.8127826502993,44100,sawtooth,14,-26.844958254167814
48,130.8127826502993,44100,sawtooth,15,-27.444222721716677
48,130.8127826502993,44100,sawtooth,16,-28.00479719372155
48,130.8127826502993,44100,sawtooth,17,-28.531375968168533
48,130.8127826502993,44100,sawtooth,18,-29.027847642669173
48,130.8127826502993,44100,sawtooth,19,-29.49746955965963
48,130.8127826502993,44100,sawtooth,20,-29.94299745388268
48,130.8127826502993,44100,sawtooth,21,-30.36678343528144
48,130.8127826502993,44100,sawtooth,22,-30.770851157047176
48,130.8127826502993,44100,sawtooth,23,-31.15695426095491
48,130.8127826502993,44100,sawtooth,24,-31.52662237483517
48,130.8127826502993,44100,sawtooth,25,-31.881197714043807
48,130.8127826502993,44100,sawtooth,26,-32.221864500019414
48,130.8127826502993,44100,sawtooth,27,-32.5496728237828
48,130.8127826502993,44100,sawtooth,28,-32.86555816744744
48,130.8127826502993,44100,sawtooth,29,-33.17035749858218
48,130.8127826502993,44100,sawtooth,30,-33.4648226349963
48,130.8127826502993,44100,sawtooth,31,-33.749631417288505
48,130.8127826502993,44100,sawtooth,32,-34.025397107001176
48,130.8127826502993,44100,sawtooth,33,-34.2926763381608
48,130.8127826502993,44100,sawtooth,34,-34.55197588144816
48,130.8127826502993,44100,sawtooth,35,-34.803758427608564
48,130.8127826502993,44100,sawtooth,36,-35.0484475559488
48,130.8127826502993,44100,sawtooth,37,-35.28643202194295
48,130.8127826502993,44100,sawtooth,38,-35.51806947293925
48,130.8127826502993,44100,sawtooth,39,-35.743689681133034
48,130.8127826502993,44100,sawtooth,40,-35.9635973671623
48,130.8127826502993,44100,sawtooth,41,-36.17807467499776
48,130.8127826502993,44100,sawtooth,42,-36.387383348561066
48,130.8127826502993,44100,sawtooth,43,-36.59176665219478
48,130.8127826502993,44100,sawtooth,44,-36.7914510703268
48,130.8127826502993,44100,sawtooth,45,-36.98664781610993
48,130.8127826502993,44100,sawtooth,46,-37.17755417423454
48,130.8127826502993,44100,sawtooth,47,-37.3643546993174
48,130.8127826502993,44100,sawtooth,48,-37.547222288114796
48,130.8127826502993,44100,sawtooth,49,-37.72631914117333
48,130.8127826502993,44100,sawtooth,50,-37.901797627323425
48,130.8127826502993,44100,sawtooth,51,-38.07380106256178
48,130.8127826502993,44100,sawtooth,52,-38.24246441329904
48,130.8127826502993,44100,sawtooth,53,-38.40791493261884
48,130.8127826502993,44100,sawtooth,54,-38.570272737062425
48,130.8127826502993,44100,sawtooth,55,-38.72965133048793
48,130.8127826502993,44100,sawtooth,56,-38.886158080727064
48,130.8127826502993,44100,sawtooth,57,-39.03989465405288
48,130.8127826502993,44100,sawtooth,58,-39.1909574118618
48,130.8127826502993,44100,sawtooth,59,-39.33943777344594
48,130.8127826502993,44100,sawtooth,60,-39.48542254827593
48,130.8127826502993,44100,sawtooth,61,-39.62899424081839
48,130.8127826502993,44100,sawtooth,62,-39.77023133056813
48,130.8127826502993,44100,sawtooth,63,-39.909208529674686
48,130.8127826502993,44100,sawtooth,64,-40.0459970202808
48,130.8127826502993,44100,square,1,-3.9223975406030527
48,130.8127826502993,44100,square,2,-240.0
48,130.8127826502993,44100,square,3,-13.4648226349963
48,130.8127826502993,44100,square,4,-240.0
48,130.8127826502993,44100,square,5,-17.90179762732343
48,130.8127826502993,44100,square,6,-240.0
48,130.8127826502993,44100,square,7,-20.824358340888192
48,130.8127826502993,44100,square,8,-240.0
48,130.8127826502993,44100,square,9,-23.007247729389547
48,130.8127826502993,44100,square,10,-240.0
48,130.8127826502993,44100,square,11,-24.75025124376755
48,130.8127826502993,44100,square,12,-240.0
48,130.8127826502993,44100,square,13,-26.20126458673979
48,130.8127826502993,44100,square,14,-240.0
48,130.8127826502993,44100,square,15,-27.444222721716677
48,130.8127826502993,44100,square,16,-240.0
48,130.8127826502993,44100,square,17,-28.531375968168533
48,130.8127826502993,44100,square,18,-240.0
48,130.8127826502993,44100,square,19,-29.49746955965963
48,130.8127826502993,44100,square,20,-240.0
48,130.8127826502993,44100,square,21,-30.36678343528144
48,130.8127826502993,44100,square,22,-240.0
48,130.8127826502993,44100,square,23,-31.15695426095491
48,130.8127826502993,44100,square,24,-240.0
48,130.8127826502993,44100,square,25,-31.881197714043807
48,130.8127826502993,44100,square,26,-240.0
48,130.8127826502993,44100,square,27,-32.5496728237828
48,130.8127826502993,44100,square,28,-240.0
48,130.8127826502993,44100,square,29,-33.17035749858218
48,130.8127826502993,44100,square,30,-240.0
48,130.8127826502993,44100,square,31,-33.749631417288505
48,130.8127826502993,44100,square,32,-240.0
48,130.8127826502993,44100,square,33,-34.2926763381608
48,130.8127826502993,44100,square,34,-240.0
48,130.8127826502993,44100,square,35,-34.803758427608564
48,130.8127826502993,44100,square,36,-240.0
48,130.8127826502993,44100,square,37,-35.28643202194295
48,130.8127826502993,44100,square,38,-240.0
48,130.8127826502993,44100,square,39,-35.743689681133034
48,130.8127826502993,44100,square,40,-240.0
48,130.8127826502993,44100,square,41,-36.17807467499776
48,130.8127826502993,44100,square,42,-240.0
48,130.8127826502993,44100,square,43,-36.59176665219478
48,130.8127826502993,44100,square,44,-240.0
48,130.8127826502993,44100,square,45,-36.98664781610993
48,130.8127826502993,44100,square,46,-240.0
48,130.8127826502993,44100,square,47,-37.3643546993174
48,130.8127826502993,44100,square,48,-240.0
48,130.8127826502993,44100,square,49,-37.72631914117333
48,130.8127826502993,44100,square,50,-240.0
48,130.8127826502993,44100,square,51,-38.07380106256178
48,130.8127826502993,44100,square,52,-240.0
48,130.8127826502993,44100,square,53,-38.40791493261884
48,130.8127826502993,44100,square,54,-240.0
48,130.8127826502993,44100,square,55,-38.72965133048793
48,130.8127826502993,44100,square,56,-240.0
48,130.8127826502993,44100,square,57,-39.03989465405288
48,130.8127826502993,44100,square,58,-240.0
48,130.8127826502993,44100,square,59,-39.33943777344594
48,130.8127826502993,44100,square,60,-240.0
48,130.8127826502993,44100,square,61,-39.62899424081839
48,130.8127826502993,44100,square,62,-240.0
48,130.8127826502993,44100,square,63,-39.909208529674686
48,130.8127826502993,44100,square,64,-240.0
48,130.8127826502993,44100,pulse,1,-6.932697497242866
48,130.8127826502993,44100,pulse,2,-9.942997453882676
48,130.8127826502993,44100,pulse,3,-16.475122591636115
48,130.8127826502993,44100,pulse,4,-240.0
48,130.8127826502993,44100,pulse,5,-20.91209758396324
48,130.8127826502993,44100,pulse,6,-19.485422548275928
48,130.8127826502993,44100,pulse,7,-23.834658297528
48,130.8127826502993,44100,pulse,8,-240.0
48,130.8127826502993,44100,pulse,9,-26.017547686029367
48,130.8127826502993,44100,pulse,10,-23.922397540603054
48,130.8127826502993,44100,pulse,11,-27.760551200407356
48,130.8127826502993,44100,pulse,12,-240.0
48,130.8127826502993,44100,pulse,13,-29.211564543379595
48,130.8127826502993,44100,pulse,14,-26.844958254167814
48,130.8127826502993,44100,pulse,15,-30.45452267835648
48,130.8127826502993,44100,pulse,16,-240.0
48,130.8127826502993,44100,pulse,17,-31.541675924808338
48,130.8127826502993,44100,pulse,18,-29.027847642669173
48,130.8127826502993,44100,pulse,19,-32.50776951629943
48,130.8127826502993,44100,pulse,20,-240.0
48,130.8127826502993,44100,pulse,21,-33.377083391921246
48,130.8127826502993,44100,pulse,22,-30.770851157047176
48,130.8127826502993,44100,pulse,23,-34.1672542175947
48,130.8127826502993,44100,pulse,24,-240.0
48,130.8127826502993,44100,pulse,25,-34.89149767068361
48,130.8127826502993,44100,pulse,26,-32.221864500019414
48,130.8127826502993,44100,pulse,27,-35.5599727804226
48,130.8127826502993,44100,pulse,28,-240.0
48,130.8127826502993,44100,pulse,29,-36.18065745522199
48,130.8127826502993,44100,pulse,30,-33.4648226349963
48,130.8127826502993,44100,pulse,31,-36.7599313739283
48,130.8127826502993,44100,pulse,32,-240.0
48,130.8127826502993,44100,pulse,33,-37.302976294800615
48,130.8127826502993,44100,pulse,34,-34.55197588144816
48,130.8127826502993,44100,pulse,35,-37.81405838424836
48,130.8127826502993,44100,pulse,36,-240.0
48,130.8127826502993,44100,pulse,37,-38.29673197858276
48,130.8127826502993,44100,pulse,38,-35.51806947293925
48,130.8127826502993,44100,pulse,39,-38.75398963777283
48,130.8127826502993,44100,pulse,40,-240.0
48,130.8127826502993,44100,pulse,41,-39.18837463163761
48,130.8127826502993,44100,pulse,42,-36.387383348561066
48,130.8127826502993,44100,pulse,43,-39.602066608834576
48,130.8127826502993,44100,pulse,44,-240.0
48,130.8127826502993,44100,pulse,45,-39.99694777274974
48,130.8127826502993,44100,pulse,46,-37.17755417423454
48,130.8127826502993,44100,pulse,47,-40.37465465595722
48,130.8127826502993,44100,pulse,48,-240.0
48,130.8127826502993,44100,pulse,49,-40.736619097813175
48,130.8127826502993,44100,pulse,50,-37.901797627323425
48,130.8127826502993,44100,pulse,51,-41.08410101920157
48,130.8127826502993,44100,pulse,52,-240.0
48,130.8127826502993,44100,pulse,53,-41.41821488925865
48,130.8127826502993,44100,pulse,54,-38.570272737062425
48,130.8127826502993,44100,pulse,55,-41.73995128712775
48,130.8127826502993,44100,pulse,56,-240.0
48,130.8127826502993,44100,pulse,57,-42.050194610692735
48,130.8127826502993,44100,pulse,58,-39.1909574118618
48,130.8127826502993,44100,pulse,59,-42.34973773008573
48,130.8127826502993,44100,pulse,60,-240.0
48,130.8127826502993,44100,pulse,61,-42.63929419745821
48,130.8127826502993,44100,pulse,62,-39.77023133056813
48,130.8127826502993,44100,pulse,63,-42.919508486314506
48,130.8127826502993,44100,pulse,64,-240.0
48,130.8127826502993,44100,pwm,1,-6.932697497242866
48,130.8127826502993,44100,pwm,2,-9.942997453882676
48,130.8127826502993,44100,pwm,3,-16.475122591636115
48,130.8127826502993,44100,pwm,4,-240.0
48,130.8127826502993,44100,pwm,5,-20.91209758396324
48,130.8127826502993,44100,pwm,6,-19.485422548275928
48,130.8127826502993,44100,pwm,7,-23.834658297528
48,130.8127826502993,44100,pwm,8,-240.0
48,130.8127826502993,44100,pwm,9,-26.017547686029367
48,130.8127826502993,44100,pwm,10,-23.922397540603054
48,130.8127826502993,44100,pwm,11,-27.760551200407356
48,130.8127826502993,44100,pwm,12,-240.0
48,130.8127826502993,44100,pwm,13,-29.211564543379595
48,130.8127826502993,44100,pwm,14,-26.844958254167814
48,130.8127826502993,44100,pwm,15,-30.45452267835648
48,130.8127826502993,44100,pwm,16,-240.0
48,130.8127826502993,44100,pwm,17,-31.541675924808338
48,130.8127826502993,44100,pwm,18,-29.027847642669173
48,130.8127826502993,44100,pwm,19,-32.50776951629943
48,130.8127826502993,44100,pwm,20,-240.0
48,130.8127826502993,44100,pwm,21,-33.377083391921246
48,130.8127826502993,44100,pwm,22,-30.770851157047176
48,130.8127826502993,44100,pwm,23,-34.1672542175947
48,130.8127826502993,44100,pwm,24,-240.0
48,130.8127826502993,44100,pwm,25,-34.89149767068361
48,130.8127826502993,44100,pwm,26,-32.221864500019414
48,130.8127826502993,44100,pwm,27,-35.5599727804226
48,130.8127826502993,44100,pwm,28,-240.0
48,130.8127826502993,44100,pwm,29,-36.18065745522199
48,130.8127826502993,44100,pwm,30,-33.4648226349963
48,130.8127826502993,44100,pwm,31,-36.7599313739283
48,130.8127826502993,44100,pwm,32,-240.0
48,130.8127826502993,44100,pwm,33,-37.302976294800615
48,130.8127826502993,44100,pwm,34,-34.55197588144816
48,130.8127826502993,44100,pwm,35,-37.81405838424836
48,130.8127826502993,44100,pwm,36,-240.0
48,130.8127826502993,44100,pwm,37,-38.29673197858276
48,130.8127826502993,44100,pwm,38,-35.51806947293925
48,130.8127826502993,44100,pwm,39,-38.75398963777283
48,130.8127826502993,44100,pwm,40,-240.0
48,130.8127826502993,44100,pwm,41,-39.18837463163761
48,130.8127826502993,44100,pwm,42,-36.387383348561066
48,130.8127826502993,44100,pwm,43,-39.602066608834576
48,130.8127826502993,44100,pwm,44,-240.0
48,130.8127826502993,44100,pwm,45,-39.99694777274974
48,130.8127826502993,44100,pwm,46,-37.17755417423454
48,130.8127826502993,44100,pwm,47,-40.37465465595722
48,130.8127826502993,44100,pwm,48,-240.0
48,130.8127826502993,44100,pwm,49,-40.736619097813175
48,130.8127826502993,44100,pwm,50,-37.901797627323425
48,130.8127826502993,44100,pwm,51,-41.08410101920157
48,130.8127826502993,44100,pwm,52,-240.0
48,130.8127826502993,44100,pwm,53,-41.41821488925865
48,130.8127826502993,44100,pwm,54,-38.570272737062425
48,130.8127826502993,44100,pwm,55,-41.73995128712775
48,130.8127826502993,44100,pwm,56,-240.0
48,130.8127826502993,44100,pwm,57,-42.050194610692735
48,130.8127826502993,44100,pwm,58,-39.1909574118618
48,130.8127826502993,44100,pwm,59,-42.34973773008573
48,130.8127826502993,44100,pwm,60,-240.0
48,130.8127826502993,44100,pwm,61,-42.63929419745821
48,130.8127826502993,44100,pwm,62,-39.77023133056813
48,130.8127826502993,44100,pwm,63,-42.919508486314506
48,130.8127826502993,44100,pwm,64,-240.0
60,261.6255653005986,44100,triangle,1,-1.824195167926482
60,261.6255653005986,44100,triangle,2,-240.0
60,261.6255653005986,44100,triangle,3,-20.90904535671298
60,261.6255653005986,44100,triangle,4,-240.0
60,261.6255653005986,44100,triangle,5,-29.782995341367236
60,261.6255653005986,44100,triangle,6,-240.0
60,261.6255653005986,44100,triangle,7,-35.62811676849676
60,261.6255653005986,44100,triangle,8,-240.0
60,261.6255653005986,44100,triangle,9,-39.99389554549948
60,261.6255653005986,44100,triangle,10,-240.0
60,261.6255653005986,44100,triangle,11,-43.47990257425549
60,261.6255653005986,44100,triangle,12,-240.0
60,261.6255653005986,44100,triangle,13,-46.38192926019995
60,261.6255653005986,44100,triangle,14,-240.0
60,261.6255653005986,44100,triangle,15,-48.86784553015374
60,261.6255653005986,44100,triangle,16,-240.0
60,261.6255653005986,44100,triangle,17,-51.04215202305744
60,261.6255653005986,44100,triangle,18,-240.0
60,261.6255653005986,44100,triangle,19,-52.97433920603964
60,261.6255653005986,44100,triangle,20,-240.0
60,261.6255653005986,44100,triangle,21,-54.71296695728326
60,261.6255653005986,44100,triangle,22,-240.0
60,261.6255653005986,44100,triangle,23,-56.2933086086302
60,261.6255653005986,44100,triangle,24,-240.0
60,261.6255653005986,44100,triangle,25,-57.74179551480799
60,261.6255653005986,44100,triangle,26,-240.0
60,261.6255653005986,44100,triangle,27,-59.078745734285974
60,261.6255653005986,44100,triangle,28,-240.0
60,261.6255653005986,44100,triangle,29,-60.32011508388472
60,261.6255653005986,44100,triangle,30,-240.0
60,261.6255653005986,44100,triangle,31,-61.478662921297385
60,261.6255653005986,44100,triangle,32,-240.0
60,261.6255653005986,44100,triangle,33,-62.56475276304198
60,261.6255653005986,44100,triangle,34,-240.0
60,261.6255653005986,44100,triangle,35,-63.58691694193751
60,261.6255653005986,44100,triangle,36,-240.0
60,261.6255653005986,44100,triangle,37,-64.55226413060628
60,261.6255653005986,44100,triangle,38,-240.0
60,261.6255653005986,44100,triangle,39,-65.46677944898646
60,261.6255653005986,44100,triangle,40,-240.0
60,261.6255653005986,44100,triangle,41,-66.3355494367159
60,261.6255653005986,44100,triangle,42,-240.0
60,261.6255653005986,44100,triangle,43,-67.16293339110993
60,261.6255653005986,44100,triangle,44,-240.0
60,261.6255653005986,44100,triangle,45,-67.95269571894023
60,261.6255653005986,44100,triangle,46,-240.0
60,261.6255653005986,44100,triangle,47,-68.70810948535518
60,261.6255653005986,44100,triangle,48,-240.0
60,261.6255653005986,44100,triangle,49,-69.43203836906703
60,261.6255653005986,44100,triangle,50,-240.0
60,261.6255653005986,44100,triangle,51,-70.12700221184394
60,261.6255653005986,44100,triangle,52,-240.0
60,261.6255653005986,44100,triangle,53,-70.79522995195805
60,261.6255653005986,44100,triangle,54,-240.0
60,261.6255653005986,44100,triangle,55,-71.43870274769624
60,261.6255653005986,44100,triangle,56,-240.0
60,261.6255653005986,44100,triangle,57,-72.05918939482613
60,261.6255653005986,44100,triangle,58,-240.0
60,261.6255653005986,44100,triangle,59,-72.65827563361225
60,261.6255653005986,44100,triangle,60,-240.0
60,261.6255653005986,44100,triangle,61,-73.23738856835716
60,261.6255653005986,44100,triangle,62,-240.0
60,261.6255653005986,44100,triangle,63,-73.79781714606975
60,261.6255653005986,44100,triangle,64,-240.0
60,261.6255653005986,44100,sawtooth,1,-3.9223975406030527
60,261.6255653005986,44100,sawtooth,2,-9.942997453882676
60,261.6255653005986,44100,sawtooth,3,-13.4648226349963
60,261.6255653005986,44100,sawtooth,4,-15.9635973671623
60,261.6255653005986,44100,sawtooth,5,-17.90179762732343
60,261.6255653005986,44100,sawtooth,6,-19.485422548275928
60,261.6255653005986,44100,sawtooth,7,-20.824358340888192
60,261.6255653005986,44100,sawtooth,8,-21.984197280441926
60,261.6255653005986,44100,sawtooth,9,-23.007247729389547
60,261.6255653005986,44100,sawtooth,10,-23.922397540603054
60,261.6255653005986,44100,sawtooth,11,-24.75025124376755
60,261.6255653005986,44100,sawtooth,12,-25.506022461555553
60,261.6255653005986,44100,sawtooth,13,-26.20126458673979
60,261.6255653005986,44100,sawtooth,14,-26.844958254167814
60,261.6255653005986,44100,sawtooth,15,-27.444222721716677
60,261.6255653005986,44100,sawtooth,16,-28.00479719372155
60,261.6255653005986,44100,sawtooth,17,-28.531375968168533
60,261.6255653005986,44100,sawtooth,18,-29.027847642669173
60,261.6255653005986,44100,sawtooth,19,-29.49746955965963
60,261.6255653005986,44100,sawtooth,20,-29.94299745388268
60,261.6255653005986,44100,sawtooth,21,-30.36678343528144
60,261.6255653005986,44100,sawtooth,22,-30.770851157047176
60,261.6255653005986,44100,sawtooth,23,-31.15695426095491
60,261.6255653005986,44100,sawtooth,24,-31.52662237483517
60,261.6255653005986,44100,sawtooth,25,-31.881197714043807
60,261.6255653005986,44100,sawtooth,26,-32.221864500019414
60,261.6255653005986,44100,sawtooth,27,-32.5496728237828
60,261.6255653005986,44100,sawtooth,28,-32.86555816744744
60,261.6255653005986,44100,sawtooth,29,-33.17035749858218
60,261.6255653005986,44100,sawtooth,30,-33.4648226349963
60,261.6255653005986,44100,sawtooth,31,-33.749631417288505
60,261.6255653005986,44100,sawtooth,32,-34.025397107001176
60,261.6255653005986,44100,sawtooth,33,-34.2926763381608
60,261.6255653005986,44100,sawtooth,34,-34.55197588144816
60,261.6255653005986,44100,sawtooth,35,-34.803758427608564
60,261.6255653005986,44100,sawtooth,36,-35.0484475559488
60,261.6255653005986,44100,sawtooth,37,-35.28643202194295
60,261.6255653005986,44100,sawtooth,38,-35.51806947293925
60,261.6255653005986,44100,sawtooth,39,-35.743689681133034
60,261.6255653005986,44100,sawtooth,40,-35.9635973671623
60,261.6255653005986,44100,sawtooth,41,-36.17807467499776
60,261.6255653005986,44100,sawtooth,42,-36.387383348561066
60,261.6255653005986,44100,sawtooth,43,-36.59176665219478
60,261.6255653005986,44100,sawtooth,44,-36.7914510703268
60,261.6255653005986,44100,sawtooth,45,-36.98664781610993
60,261.6255653005986,44100,sawtooth,46,-37.17755417423454
60,261.6255653005986,44100,sawtooth,47,-37.3643546993174
60,261.6255653005986,44100,sawtooth,48,-37.547222288114796
60,261.6255653005986,44100,sawtooth,49,-37.72631914117333
60,261.6255653005986,44100,sawtooth,50,-37.901797627323425
60,261.6255653005986,44100,sawtooth,51,-38.07380106256178
60,261.6255653005986,44100,sawtooth,52,-38.24246441329904
60,261.6255653005986,44100,sawtooth,53,-38.40791493261884
60,261.6255653005986,44100,sawtooth,54,-38.570272737062425
60,261.6255653005986,44100,sawtooth,55,-38.72965133048793
60,261.6255653005986,44100,sawtooth,56,-38.886158080727064
60,261.6255653005986,44100,sawtooth,57,-39.03989465405288
60,261.6255653005986,44100,sawtooth,58,-39.1909574118618
60,261.6255653005986,44100,sawtooth,59,-39.33943777344594
60,261.6255653005986,44100,sawtooth,60,-39.48542254827593
60,261.6255653005986,44100,sawtooth,61,-39.62899424081839
60,261.6255653005986,44100,sawtooth,62,-39.77023133056813
60,261.6255653005986,44100,sawtooth,63,-39.909208529674686
60,261.6255653005986,44100,sawtooth,64,-40.0459970202808
60,261.6255653005986,44100,square,1,-3.9223975406030527
60,261.6255653005986,44100,square,2,-240.0
60,261.6255653005986,44100,square,3,-13.4648226349963
60,261.6255653005986,44100,square,4,-240.0
60,261.6255653005986,44100,square,5,-17.90179762732343
60,261.6255653005986,44100,square,6,-240.0
60,261.6255653005986,44100,square,7,-20.824358340888192
60,261.6255653005986,44100,square,8,-240.0
60,261.6255653005986,44100,square,9,-23.007247729389547
60,261.6255653005986,44100,square,10,-240.0
60,261.6255653005986,44100,square,11,-24.75025124376755
60,261.6255653005986,44100,square,12,-240.0
60,261.6255653005986,44100,square,13,-26.20126458673979
60,261.6255653005986,44100,square,14,-240.0
60,261.6255653005986,44100,square,15,-27.444222721716677
60,261.6255653005986,44100,square,16,-240.0
60,261.6255653005986,44100,square,17,-28.531375968168533
60,261.6255653005986,44100,square,18,-240.0
60,261.6255653005986,44100,square,19,-29.49746955965963
60,261.6255653005986,44100,square,20,-240.0
60,261.6255653005986,44100,square,21,-30.36678343528144
60,261.6255653005986,44100,square,22,-240.0
60,261.6255653005986,44100,square,23,-31.15695426095491
60,261.6255653005986,44100,square,24,-240.0
60,261.6255653005986,44100,square,25,-31.881197714043807
60,261.6255653005986,44100,square,26,-240.0
60,261.6255653005986,44100,square,27,-32.5496728237828
60,261.6255653005986,44100,square,28,-240.0
60,261.6255653005986,44100,square,29,-33.17035749858218
60,261.6255653005986,44100,square,30,-240.0
60,261.6255653005986,44100,square,31,-33.749631417288505
60,261.6255653005986,44100,square,32,-240.0
60,261.6255653005986,44100,square,33,-34.2926763381608
60,261.6255653005986,44100,square,34,-240.0
60,261.6255653005986,44100,square,35,-34.803758427608564
60,261.6255653005986,44100,square,36,-240.0
60,261.6255653005986,44100,square,37,-35.28643202194295
60,261.6255653005986,44100,square,38,-240.0
60,261.6255653005986,44100,square,39,-35.743689681133034
60,261.6255653005986,44100,square,40,-240.0
60,261.6255653005986,44100,square,41,-36.17807467499776
60,261.6255653005986,44100,square,42,-240.0
60,261.6255653005986,44100,square,43,-36.59176665219478
60,261.6255653005986,44100,square,44,-240.0
60,261.6255653005986,44100,square,45,-36.98664781610993
60,261.6255653005986,44100,square,46,-240.0
60,261.6255653005986,44100,square,47,-37.3643546993174
60,261.6255653005986,44100,square,48,-240.0
60,261.6255653005986,44100,square,49,-37.72631914117333
60,261.6255653005986,44100,square,50,-240.0
60,261.6255653005986,44100,square,51,-38.07380106256178
60,261.6255653005986,44100,square,52,-240.0
60,261.6255653005986,44100,square,53,-38.40791493261884
60,261.6255653005986,44100,square,54,-240.0
60,261.6255653005986,44100,square,55,-38.72965133048793
60,261.6255653005986,44100,square,56,-240.0
60,261.6255653005986,44100,square,57,-39.03989465405288
60,261.6255653005986,44100,square,58,-240.0
60,261.6255653005986,44100,square,59,-39.33943777344594
60,261.6255653005986,44100,square,60,-240.0
60,261.6255653005986,44100,square,61,-39.62899424081839
60,261.6255653005986,44100,square,62,-240.0
60,261.6255653005986,44100,square,63,-39.909208529674686
60,261.6255653005986,44100,square,64,-240.0
60,261.6255653005986,44100,pulse,1,-6.932697497242866
60,261.6255653005986,44100,pulse,2,-9.942997453882676
60,261.6255653005986,44100,pulse,3,-16.475122591636115
60,261.6255653005986,44100,pulse,4,-240.0
60,261.6255653005986,44100,pulse,5,-20.91209758396324
60,261.6255653005986,44100,pulse,6,-19.485422548275928
60,261.6255653005986,44100,pulse,7,-23.834658297528
60,261.6255653005986,44100,pulse,8,-240.0
60,261.6255653005986,44100,pulse,9,-26.017547686029367
60,261.6255653005986,44100,pulse,10,-23.922397540603054
60,261.6255653005986,44100,pulse,11,-27.760551200407356
60,261.6255653005986,44100,pulse,12,-240.0
60,261.6255653005986,44100,pulse,13,-29.211564543379595
60,261.6255653005986,44100,pulse,14,-26.844958254167814
60,261.6255653005986,44100,pulse,15,-30.45452267835648
60,261.6255653005986,44100,pulse,16,-240.0
60,261.6255653005986,44100,pulse,17,-31.541675924808338
60,261.6255653005986,44100,pulse,18,-29.027847642669173
60,261.6255653005986,44100,pulse,19,-32.50776951629943
60,261.6255653005986,44100,pulse,20,-240.0
60,261.6255653005986,44100,pulse,21,-33.377083391921246
60,261.6255653005986,44100,pulse,22,-30.770851157047176
60,261.6255653005986,44100,pulse,23,-34.1672542175947
60,261.6255653005986,44100,pulse,24,-240.0
60,261.6255653005986,44100,pulse,25,-34.89149767068361
60,261.6255653005986,44100,pulse,26,-32.221864500019414
60,261.6255653005986,44100,pulse,27,-35.5599727804226
60,261.6255653005986,44100,pulse,28,-240.0
60,261.6255653005986,44100,pulse,29,-36.18065745522199
60,261.6255653005986,44100,pulse,30,-33.4648226349963
60,261.6255653005986,44100,pulse,31,-36.7599313739283
60,261.6255653005986,44100,pulse,32,-240.0
60,261.6255653005986,44100,pulse,33,-37.302976294800615
60,261.6255653005986,44100,pulse,34,-34.55197588144816
60,261.6255653005986,44100,pulse,35,-37.81405838424836
60,261.6255653005986,44100,pulse,36,-240.0
60,261.6255653005986,44100,pulse,37,-38.29673197858276
60,261.6255653005986,44100,pulse,38,-35.51806947293925
60,261.6255653005986,44100,pulse,39,-38.75398963777283
60,261.6255653005986,44100,pulse,40,-240.0
60,261.6255653005986,44100,pulse,41,-39.18837463163761
60,261.6255653005986,44100,pulse,42,-36.387383348561066
60,261.6255653005986,44100,pulse,43,-39.602066608834576
60,261.6255653005986,44100,pulse,44,-240.0
60,261.6255653005986,44100,pulse,45,-39.99694777274974
60,261.6255653005986,44100,pulse,46,-37.17755417423454
60,261.6255653005986,44100,pulse,47,-40.37465465595722
60,261.6255653005986,44100,pulse,48,-240.0
60,261.6255653005986,44100,pulse,49,-40.736619097813175
60,261.6255653005986,44100,pulse,50,-37.901797627323425
60,261.6255653005986,44100,pulse,51,-41.08410101920157
60,261.6255653005986,44100,pulse,52,-240.0
60,261.6255653005986,44100,pulse,53,-41.41821488925865
60,261.6255653005986,44100,pulse,54,-38.570272737062425
60,261.6255653005986,44100,pulse,55,-41.73995128712775
60,261.6255653005986,44100,pulse,56,-240.0
60,261.6255653005986,44100,pulse,57,-42.050194610692735
60,261.6255653005986,44100,pulse,58,-39.1909574118618
60,261.6255653005986,44100,pulse,59,-42.34973773008573
60,261.6255653005986,44100,pulse,60,-240.0
60,261.6255653005986,44100,pulse,61,-42.63929419745821
60,261.6255653005986,44100,pulse,62,-39.77023133056813
60,261.6255653005986,44100,pulse,63,-42.919508486314506
60,261.6255653005986,44100,pulse,64,-240.0
60,261.6255653005986,44100,pwm,1,-6.932697497242866
60,261.6255653005986,44100,pwm,2,-9.942997453882676
60,261.6255653005986,44100,pwm,3,-16.475122591636115
60,261.6255653005986,44100,pwm,4,-240.0
60,261.6255653005986,44100,pwm,5,-20.91209758396324
60,261.6255653005986,44100,pwm,6,-19.485422548275928
60,261.6255653005986,44100,pwm,7,-23.834658297528
60,261.6255653005986,44100,pwm,8,-240.0
60,261.6255653005986,44100,pwm,9,-26.017547686029367
60,261.6255653005986,44100,pwm,10,-23.922397540603054
60,261.6255653005986,44100,pwm,11,-27.760551200407356
60,261.6255653005986,44100,pwm,12,-240.0
60,261.6255653005986,44100,pwm,13,-29.211564543379595
60,261.6255653005986,44100,pwm,14,-26.844958254167814
60,261.6255653005986,44100,pwm,15,-30.45452267835648
60,261.6255653005986,44100,pwm,16,-240.0
60,261.6255653005986,44100,pwm,17,-31.541675924808338
60,261.6255653005986,44100,pwm,18,-29.027847642669173
60,261.6255653005986,44100,pwm,19,-32.50776951629943
60,261.6255653005986,44100,pwm,20,-240.0
60,261.6255653005986,44100,pwm,21,-33.377083391921246
60,261.6255653005986,44100,pwm,22,-30.770851157047176
60,261.6255653005986,44100,pwm,23,-34.1672542175947
60,261.6255653005986,44100,pwm,24,-240.0
60,261.6255653005986,44100,pwm,25,-34.89149767068361
60,261.6255653005986,44100,pwm,26,-32.221864500019414
60,261.6255653005986,44100,pwm,27,-35.5599727804226
60,261.6255653005986,44100,pwm,28,-240.0
60,261.6255653005986,44100,pwm,29,-36.18065745522199
60,261.6255653005986,44100,pwm,30,-33.4648226349963
60,261.6255653005986,44100,pwm,31,-36.7599313739283
60,261.6255653005986,44100,pwm,32,-240.0
60,261.6255653005986,44100,pwm,33,-37.302976294800615
60,261.6255653005986,44100,pwm,34,-34.55197588144816
60,261.6255653005986,44100,pwm,35,-37.81405838424836
60,261.6255653005986,44100,pwm,36,-240.0
60,261.6255653005986,44100,pwm,37,-38.29673197858276
60,261.6255653005986,44100,pwm,38,-35.51806947293925
60,261.6255653005986,44100,pwm,39,-38.75398963777283
60,261.6255653005986,44100,pwm,40,-240.0
60,261.6255653005986,44100,pwm,41,-39.18837463163761
60,261.6255653005986,44100,pwm,42,-36.387383348561066
60,261.6255653005986,44100,pwm,43,-39.602066608834576
60,261.6255653005986,44100,pwm,44,-240.0
60,261.6255653005986,44100,pwm,45,-39.99694777274974
60,261.6255653005986,44100,pwm,46,-37.17755417423454
60,261.6255653005986,44100,pwm,47,-40.37465465595722
60,261.6255653005986,44100,pwm,48,-240.0
60,261.6255653005986,44100,pwm,49,-40.736619097813175
60,261.6255653005986,44100,pwm,50,-37.901797627323425
60,261.6255653005986,44100,pwm,51,-41.08410101920157
60,261.6255653005986,44100,pwm,52,-240.0
60,261.6255653005986,44100,pwm,53,-41.41821488925865
60,261.6255653005986,44100,pwm,54,-38.570272737062425
60,261.6255653005986,44100,pwm,55,-41.73995128712775
60,261.6255653005986,44100,pwm,56,-240.0
60,261.6255653005986,44100,pwm,57,-42.050194610692735
60,261.6255653005986,44100,pwm,58,-39.1909574118618
60,261.6255653005986,44100,pwm,59,-42.34973773008573
60,261.6255653005986,44100,pwm,60,-240.0
60,261.6255653005986,44100,pwm,61,-42.63929419745821
60,261.6255653005986,44100,pwm,62,-39.77023133056813
60,261.6255653005986,44100,pwm,63,-42.919508486314506
60,261.6255653005986,44100,pwm,64,-240.0
72,523.2511306011972,44100,triangle,1,-1.824195167926482
72,523.2511306011972,44100,triangle,2,-240.0
72,523.2511306011972,44100,triangle,3,-20.90904535671298
72,523.2511306011972,44100,triangle,4,-240.0
72,523.2511306011972,44100,triangle,5,-29.782995341367236
72,523.2511306011972,44100,triangle,6,-240.0
72,523.2511306011972,44100,triangle,7,-35.62811676849676
72,523.2511306011972,44100,triangle,8,-240.0
72,523.2511306011972,44100,triangle,9,-39.99389554549948
72,523.2511306011972,44100,triangle,10,-240.0
72,523.2511306011972,44100,triangle,11,-43.47990257425549
72,523.2511306011972,44100,triangle,12,-240.0
72,523.2511306011972,44100,triangle,13,-46.38192926019995
72,523.2511306011972,44100,triangle,14,-240.0
72,523.2511306011972,44100,triangle,15,-48.86784553015374
72,523.2511306011972,44100,triangle,16,-240.0
72,523.2511306011972,44100,triangle,17,-51.04215202305744
72,523.2511306011972,44100,triangle,18,-240.0
72,523.2511306011972,44100,triangle,19,-52.97433920603964
72,523.2511306011972,44100,triangle,20,-240.0
72,523.2511306011972,44100,triangle,21,-54.71296695728326
72,523.2511306011972,44100,triangle,22,-240.0
72,523.2511306011972,44100,triangle,23,-56.2933086086302
72,523.2511306011972,44100,triangle,24,-240.0
72,523.2511306011972,44100,triangle,25,-57.74179551480799
72,523.2511306011972,44100,triangle,26,-240.0
72,523.2511306011972,44100,triangle,27,-59.078745734285974
72,523.2511306011972,44100,triangle,28,-240.0
72,523.2511306011972,44100,triangle,29,-60.32011508388472
72,523.2511306011972,44100,triangle,30,-240.0
72,523.2511306011972,44100,triangle,31,-61.478662921297385
72,523.2511306011972,44100,triangle,32,-240.0
72,523.2511306011972,44100,triangle,33,-62.56475276304198
72,523.2511306011972,44100,triangle,34,-240.0
72,523.2511306011972,44100,triangle,35,-63.58691694193751
72,523.2511306011972,44100,triangle,36,-240.0
72,523.2511306011972,44100,triangle,37,-64.55226413060628
72,523.2511306011972,44100,triangle,38,-240.0
72,523.2511306011972,44100,triangle,39,-65.46677944898646
72,523.2511306011972,44100,triangle,40,-240.0
72,523.2511306011972,44100,triangle,41,-66.3355494367159
72,523.2511306011972,44100,triangle,42,-240.0
72,523.2511306011972,44100,sawtooth,1,-3.9223975406030527
72,523.2511306011972,44100,sawtooth,2,-9.942997453882676
72,523.2511306011972,44100,sawtooth,3,-13.4648226349963
72,523.2511306011972,44100,sawtooth,4,-15.9635973671623
72,523.2511306011972,44100,sawtooth,5,-17.90179762732343
72,523.2511306011972,44100,sawtooth,6,-19.485422548275928
72,523.2511306011972,44100,sawtooth,7,-20.824358340888192
72,523.2511306011972,44100,sawtooth,8,-21.984197280441926
72,523.2511306011972,44100,sawtooth,9,-23.007247729389547
72,523.2511306011972,44100,sawtooth,10,-23.922397540603054
72,523.2511306011972,44100,sawtooth,11,-24.75025124376755
72,523.2511306011972,44100,sawtooth,12,-25.506022461555553
72,523.2511306011972,44100,sawtooth,13,-26.20126458673979
72,523.2511306011972,44100,sawtooth,14,-26.844958254167814
72,523.2511306011972,44100,sawtooth,15,-27.444222721716677
72,523.2511306011972,44100,sawtooth,16,-28.00479719372155
72,523.2511306011972,44100,sawtooth,17,-28.531375968168533
72,523.2511306011972,44100,sawtooth,18,-29.027847642669173
72,523.2511306011972,44100,sawtooth,19,-29.49746955965963
72,523.2511306011972,44100,sawtooth,20,-29.94299745388268
72,523.2511306011972,44100,sawtooth,21,-30.36678343528144
72,523.2511306011972,44100,sawtooth,22,-30.770851157047176
72,523.2511306011972,44100,sawtooth,23,-31.15695426095491
72,523.2511306011972,44100,sawtooth,24,-31.52662237483517
72,523.2511306011972,44100,sawtooth,25,-31.881197714043807
72,523.2511306011972,44100,sawtooth,26,-32.221864500019414
72,523.2511306011972,44100,sawtooth,27,-32.5496728237828
72,523.2511306011972,44100,sawtooth,28,-32.86555816744744
72,523.2511306011972,44100,sawtooth,29,-33.17035749858218
72,523.2511306011972,44100,sawtooth,30,-33.4648226349963
72,523.2511306011972,44100,sawtooth,31,-33.749631417288505
72,523.2511306011972,44100,sawtooth,32,-34.025397107001176
72,523.2511306011972,44100,sawtooth,33,-34.2926763381608
72,523.2511306011972,44100,sawtooth,34,-34.55197588144816
72,523.2511306011972,44100,sawtooth,35,-34.803758427608564
72,523.2511306011972,44100,sawtooth,36,-35.0484475559488
72,523.2511306011972,44100,sawtooth,37,-35.28643202194295
72,523.2511306011972,44100,sawtooth,38,-35.51806947293925
72,523.2511306011972,44100,sawtooth,39,-35.743689681133034
72,523.2511306011972,44100,sawtooth,40,-35.9635973671623
72,523.2511306011972,44100,sawtooth,41,-36.17807467499776
72,523.2511306011972,44100,sawtooth,42,-36.387383348561066
72,523.2511306011972,44100,square,1,-3.9223975406030527
72,523.2511306011972,44100,square,2,-240.0
72,523.2511306011972,44100,square,3,-13.4648226349963
72,523.2511306011972,44100,square,4,-240.0
72,523.2511306011972,44100,square,5,-17.90179762732343
72,523.2511306011972,44100,square,6,-240.0
72,523.2511306011972,44100,square,7,-20.824358340888192
72,523.2511306011972,44100,square,8,-240.0
72,523.2511306011972,44100,square,9,-23.007247729389547
72,523.2511306011972,44100,square,10,-240.0
72,523.2511306011972,44100,square,11,-24.75025124376755
72,523.2511306011972,44100,square,12,-240.0
72,523.2511306011972,44100,square,13,-26.20126458673979
72,523.2511306011972,44100,square,14,-240.0
72,523.2511306011972,44100,square,15,-27.444222721716677
72,523.2511306011972,44100,square,16,-240.0
72,523.2511306011972,44100,square,17,-28.531375968168533
72,523.2511306011972,44100,square,18,-240.0
72,523.2511306011972,44100,square,19,-29.49746955965963
72,523.2511306011972,44100,square,20,-240.0
72,523.2511306011972,44100,square,21,-30.36678343528144
72,523.2511306011972,44100,square,22,-240.0
72,523.2511306011972,44100,square,23,-31.15695426095491
72,523.2511306011972,44100,square,24,-240.0
72,523.2511306011972,44100,square,25,-31.881197714043807
72,523.2511306011972,44100,square,26,-240.0
72,523.2511306011972,44100,square,27,-32.5496728237828
72,523.2511306011972,44100,square,28,-240.0
72,523.2511306011972,44100,square,29,-33.17035749858218
72,523.2511306011972,44100,square,30,-240.0
72,523.2511306011972,44100,square,31,-33.749631417288505
72,523.2511306011972,44100,square,32,-240.0
72,523.2511306011972,44100,square,33,-34.2926763381608
72,523.2511306011972,44100,square,34,-240.0
72,523.2511306011972,44100,square,35,-34.803758427608564
72,523.2511306011972,44100,square,36,-240.0
72,523.2511306011972,44100,square,37,-35.28643202194295
72,523.2511306011972,44100,square,38,-240.0
72,523.2511306011972,44100,square,39,-35.743689681133034
72,523.2511306011972,44100,square,40,-240.0
72,523.2511306011972,44100,square,41,-36.17807467499776
72,523.2511306011972,44100,square,42,-240.0
72,523.2511306011972,44100,pulse,1,-6.932697497242866
72,523.2511306011972,44100,pulse,2,-9.942997453882676
72,523.2511306011972,44100,pulse,3,-16.475122591636115
72,523.2511306011972,44100,pulse,4,-240.0
72,523.2511306011972,44100,pulse,5,-20.91209758396324
72,523.2511306011972,44100,pulse,6,-19.485422548275928
72,523.2511306011972,44100,pulse,7,-23.834658297528
72,523.2511306011972,44100,pulse,8,-240.0
72,523.2511306011972,44100,pulse,9,-26.017547686029367
72,523.2511306011972,44100,pulse,10,-23.922397540603054
72,523.2511306011972,44100,pulse,11,-27.760551200407356
72,523.2511306011972,44100,pulse,12,-240.0
72,523.2511306011972,44100,pulse,13,-29.211564543379595
72,523.2511306011972,44100,pulse,14,-26.844958254167814
72,523.2511306011972,44100,pulse,15,-30.45452267835648
72,523.2511306011972,44100,pulse,16,-240.0
72,523.2511306011972,44100,pulse,17,-31.541675924808338
72,523.2511306011972,44100,pulse,18,-29.027847642669173
72,523.2511306011972,44100,pulse,19,-32.50776951629943
72,523.2511306011972,44100,pulse,20,-240.0
72,523.2511306011972,44100,pulse,21,-33.377083391921246
72,523.2511306011972,44100,pulse,22,-30.770851157047176
72,523.2511306011972,44100,pulse,23,-34.1672542175947
72,523.2511306011972,44100,pulse,24,-240.0
72,523.2511306011972,44100,pulse,25,-34.89149767068361
72,523.2511306011972,44100,pulse,26,-32.221864500019414
72,523.2511306011972,44100,pulse,27,-35.5599727804226
72,523.2511306011972,44100,pulse,28,-240.0
72,523.2511306011972,44100,pulse,29,-36.18065745522199
72,523.2511306011972,44100,pulse,30,-33.4648226349963
72,523.2511306011972,44100,pulse,31,-36.7599313739283
72,523.2511306011972,44100,pulse,32,-240.0
72,523.2511306011972,44100,pulse,33,-37.302976294800615
72,523.2511306011972,44100,pulse,34,-34.55197588144816
72,523.2511306011972,44100,pulse,35,-37.81405838424836
72,523.2511306011972,44100,pulse,36,-240.0
72,523.2511306011972,44100,pulse,37,-38.29673197858276
72,523.2511306011972,44100,pulse,38,-35.51806947293925
72,523.2511306011972,44100,pulse,39,-38.75398963777283
72,523.2511306011972,44100,pulse,40,-240.0
72,523.2511306011972,44100,pulse,41,-39.18837463163761
72,523.2511306011972,44100,pulse,42,-36.387383348561066
72,523.2511306011972,44100,pwm,1,-6.932697497242866
72,523.2511306011972,44100,pwm,2,-9.942997453882676
72,523.2511306011972,44100,pwm,3,-16.475122591636115
72,523.2511306011972,44100,pwm,4,-240.0
72,523.2511306011972,44100,pwm,5,-20.91209758396324
72,523.2511306011972,44100,pwm,6,-19.485422548275928
72,523.2511306011972,44100,pwm,7,-23.834658297528
72,523.2511306011972,44100,pwm,8,-240.0
72,523.2511306011972,44100,pwm,9,-26.017547686029367
72,523.2511306011972,44100,pwm,10,-23.922397540603054
72,523.2511306011972,44100,pwm,11,-27.760551200407356
72,523.2511306011972,44100,pwm,12,-240.0
72,523.2511306011972,44100,pwm,13,-29.211564543379595
72,523.2511306011972,44100,pwm,14,-26.844958254167814
72,523.2511306011972,44100,pwm,15,-30.45452267835648
72,523.2511306011972,44100,pwm,16,-240.0
72,523.2511306011972,44100,pwm,17,-31.541675924808338
72,523.2511306011972,44100,pwm,18,-29.027847642669173
72,523.2511306011972,44100,pwm,19,-32.50776951629943
72,523.2511306011972,44100,pwm,20,-240.0
72,523.2511306011972,44100,pwm,21,-33.377083391921246
72,523.2511306011972,44100,pwm,22,-30.770851157047176
72,523.2511306011972,44100,pwm,23,-34.1672542175947
72,523.2511306011972,44100,pwm,24,-240.0
72,523.2511306011972,44100,pwm,25,-34.89149767068361
72,523.2511306011972,44100,pwm,26,-32.221864500019414
72,523.2511306011972,44100,pwm,27,-35.5599727804226
72,523.2511306011972,44100,pwm,28,-240.0
72,523.2511306011972,44100,pwm,29,-36.18065745522199
72,523.2511306011972,44100,pwm,30,-33.4648226349963
72,523.2511306011972,44100,pwm,31,-36.7599313739283
72,523.2511306011972,44100,pwm,32,-240.0
72,523.2511306011972,44100,pwm,33,-37.302976294800615
72,523.2511306011972,44100,pwm,34,-34.55197588144816
72,523.2511306011972,44100,pwm,35,-37.81405838424836
72,523.2511306011972,44100,pwm,36,-240.0
72,523.2511306011972,44100,pwm,37,-38.29673197858276
72,523.2511306011972,44100,pwm,38,-35.51806947293925
72,523.2511306011972,44100,pwm,39,-38.75398963777283
72,523.2511306011972,44100,pwm,40,-240.0
72,523.2511306011972,44100,pwm,41,-39.18837463163761
72,523.2511306011972,44100,pwm,42,-36.387383348561066
